# File units = meters
mtllib Part Studio 1.mtl
g Part 2
v 3.51387e-05 -0.000323095 -0.01795 
v 6.98654e-05 -0.000317402 -0.01795 
v 0.000103773 -0.000307987 -0.01795 
v 0.000136464 -0.000294962 -0.01795 
v 0.000167555 -0.000278479 -0.01795 
v 0.000196682 -0.00025873 -0.01795 
v 0.000223502 -0.000235949 -0.01795 
v 0.000247703 -0.000210401 -0.01795 
v 0.000268999 -0.000182386 -0.01795 
v 0.000287141 -0.000152233 -0.01795 
v 0.000301917 -0.000120295 -0.01795 
v 0.000313154 -8.69467e-05 -0.01795 
v 0.000320719 -5.25791e-05 -0.01795 
v 0.000324523 -1.75951e-05 -0.01795 
v 0.000324523 1.75951e-05 -0.01795 
v 0.000320719 5.25791e-05 -0.01795 
v 0.000313154 8.69467e-05 -0.01795 
v 0.000301917 0.000120295 -0.01795 
v 0.000287141 0.000152233 -0.01795 
v 0.000268999 0.000182386 -0.01795 
v 0.000247703 0.000210401 -0.01795 
v 0.000223502 0.000235949 -0.01795 
v 0.000196682 0.00025873 -0.01795 
v 0.000167555 0.000278479 -0.01795 
v 0.000136464 0.000294962 -0.01795 
v 0.000103773 0.000307987 -0.01795 
v 6.98654e-05 0.000317402 -0.01795 
v 3.51387e-05 0.000323095 -0.01795 
v 3.9801e-20 0.000325 -0.01795 
v -3.51387e-05 0.000323095 -0.01795 
v -6.98654e-05 0.000317402 -0.01795 
v -0.000103773 0.000307987 -0.01795 
v -0.000136464 0.000294962 -0.01795 
v -0.000167555 0.000278479 -0.01795 
v -0.000196682 0.00025873 -0.01795 
v -0.000223502 0.000235949 -0.01795 
v -0.000247703 0.000210401 -0.01795 
v -0.000268999 0.000182386 -0.01795 
v -0.000287141 0.000152233 -0.01795 
v -0.000301917 0.000120295 -0.01795 
v -0.000313154 8.69467e-05 -0.01795 
v -0.000320719 5.25791e-05 -0.01795 
v -0.000324523 1.75951e-05 -0.01795 
v -0.000324523 -1.75951e-05 -0.01795 
v -0.000320719 -5.25791e-05 -0.01795 
v -0.000313154 -8.69467e-05 -0.01795 
v -0.000301917 -0.000120295 -0.01795 
v -0.000287141 -0.000152233 -0.01795 
v -0.000268999 -0.000182386 -0.01795 
v -0.000247703 -0.000210401 -0.01795 
v -0.000223502 -0.000235949 -0.01795 
v -0.000196682 -0.00025873 -0.01795 
v -0.000167555 -0.000278479 -0.01795 
v -0.000136464 -0.000294962 -0.01795 
v -0.000103773 -0.000307987 -0.01795 
v -6.98654e-05 -0.000317402 -0.01795 
v -3.51387e-05 -0.000323095 -0.01795 
v 0 -0.000325 -0.01795 
v 0 2.01391e-17 -0.01795 
v -3.51387e-05 -0.000323095 -0.0159259 
v -3.9801e-20 -0.000325 -0.0159259 
v -6.98654e-05 -0.000317402 -0.0159259 
v -0.000103773 -0.000307987 -0.0159259 
v -0.000136464 -0.000294962 -0.0159259 
v -0.000167555 -0.000278479 -0.0159259 
v -0.000196682 -0.00025873 -0.0159259 
v -0.000223502 -0.000235949 -0.0159259 
v -0.000247703 -0.000210401 -0.0159259 
v -0.000268999 -0.000182386 -0.0159259 
v -0.000287141 -0.000152233 -0.0159259 
v -0.000301917 -0.000120295 -0.0159259 
v -0.000313154 -8.69467e-05 -0.0159259 
v -0.000320719 -5.25791e-05 -0.0159259 
v -0.000324523 -1.75951e-05 -0.0159259 
v -0.000324523 1.75951e-05 -0.0159259 
v -0.000320719 5.25791e-05 -0.0159259 
v -0.000313154 8.69467e-05 -0.0159259 
v -0.000301917 0.000120295 -0.0159259 
v -0.000287141 0.000152233 -0.0159259 
v -0.000268999 0.000182386 -0.0159259 
v -0.000247703 0.000210401 -0.0159259 
v -0.000223502 0.000235949 -0.0159259 
v -0.000196682 0.00025873 -0.0159259 
v -0.000167555 0.000278479 -0.0159259 
v -0.000136464 0.000294962 -0.0159259 
v -0.000103773 0.000307987 -0.0159259 
v -6.98654e-05 0.000317402 -0.0159259 
v -3.51387e-05 0.000323095 -0.0159259 
v 7.9602e-20 0.000325 -0.0159259 
v 3.51387e-05 0.000323095 -0.0159259 
v 6.98654e-05 0.000317402 -0.0159259 
v 0.000103773 0.000307987 -0.0159259 
v 0.000136464 0.000294962 -0.0159259 
v 0.000167555 0.000278479 -0.0159259 
v 0.000196682 0.00025873 -0.0159259 
v 0.000223502 0.000235949 -0.0159259 
v 0.000247703 0.000210401 -0.0159259 
v 0.000268999 0.000182386 -0.0159259 
v 0.000287141 0.000152233 -0.0159259 
v 0.000301917 0.000120295 -0.0159259 
v 0.000313154 8.69467e-05 -0.0159259 
v 0.000320719 5.25791e-05 -0.0159259 
v 0.000324523 1.75951e-05 -0.0159259 
v 0.000324523 -1.75951e-05 -0.0159259 
v 0.000320719 -5.25791e-05 -0.0159259 
v 0.000313154 -8.69467e-05 -0.0159259 
v 0.000301917 -0.000120295 -0.0159259 
v 0.000287141 -0.000152233 -0.0159259 
v 0.000268999 -0.000182386 -0.0159259 
v 0.000247703 -0.000210401 -0.0159259 
v 0.000223502 -0.000235949 -0.0159259 
v 0.000196682 -0.00025873 -0.0159259 
v 0.000167555 -0.000278479 -0.0159259 
v 0.000136464 -0.000294962 -0.0159259 
v 0.000103773 -0.000307987 -0.0159259 
v 6.98654e-05 -0.000317402 -0.0159259 
v 3.51387e-05 -0.000323095 -0.0159259 
v 0 0.000433411 -0.0199537 
v 0 0.00021794 -0.0199884 
v -2.35635e-05 0.000216663 -0.0199884 
v -4.68599e-05 0.00043087 -0.0199537 
v -4.68508e-05 0.000212845 -0.0199884 
v -9.31705e-05 0.000423278 -0.0199537 
v -6.95887e-05 0.000206532 -0.0199884 
v -0.000138389 0.000410723 -0.0199537 
v -9.15108e-05 0.000197797 -0.0199884 
v -0.000181984 0.000393353 -0.0199537 
v -0.00011236 0.000186744 -0.0199884 
v -0.000223447 0.000371371 -0.0199537 
v -0.000131892 0.000173501 -0.0199884 
v -0.000262289 0.000345035 -0.0199537 
v -0.000149878 0.000158224 -0.0199884 
v -0.000298056 0.000314654 -0.0199537 
v -0.000166106 0.000141092 -0.0199884 
v -0.000330329 0.000280584 -0.0199537 
v -0.000180387 0.000122305 -0.0199884 
v -0.000358729 0.000243225 -0.0199537 
v -0.000192553 0.000102085 -0.0199884 
v -0.000382924 0.000203013 -0.0199537 
v -0.000202462 8.06681e-05 -0.0199884 
v -0.000402629 0.000160422 -0.0199537 
v -0.000209997 5.83053e-05 -0.0199884 
v -0.000417613 0.00011595 -0.0199537 
v -0.000215069 3.52588e-05 -0.0199884 
v -0.000427701 7.01181e-05 -0.0199537 
v -0.000217621 1.17991e-05 -0.0199884 
v -0.000432775 2.34644e-05 -0.0199537 
v -0.000217621 -1.17991e-05 -0.0199884 
v -0.000432775 -2.34644e-05 -0.0199537 
v -0.000215069 -3.52588e-05 -0.0199884 
v -0.000427701 -7.01181e-05 -0.0199537 
v -0.000209997 -5.83053e-05 -0.0199884 
v -0.000417613 -0.00011595 -0.0199537 
v -0.000202462 -8.06681e-05 -0.0199884 
v -0.000402629 -0.000160422 -0.0199537 
v -0.000192553 -0.000102085 -0.0199884 
v -0.000382924 -0.000203013 -0.0199537 
v -0.000180387 -0.000122305 -0.0199884 
v -0.000358729 -0.000243225 -0.0199537 
v -0.000166106 -0.000141092 -0.0199884 
v -0.000330329 -0.000280584 -0.0199537 
v -0.000149878 -0.000158224 -0.0199884 
v -0.000298056 -0.000314654 -0.0199537 
v -0.000131892 -0.000173501 -0.0199884 
v -0.000262289 -0.000345035 -0.0199537 
v -0.00011236 -0.000186744 -0.0199884 
v -0.000223447 -0.000371371 -0.0199537 
v -9.15108e-05 -0.000197797 -0.0199884 
v -0.000181984 -0.000393353 -0.0199537 
v -6.95887e-05 -0.000206532 -0.0199884 
v -0.000138389 -0.000410723 -0.0199537 
v -4.68508e-05 -0.000212845 -0.0199884 
v -9.31705e-05 -0.000423278 -0.0199537 
v -2.35635e-05 -0.000216663 -0.0199884 
v -4.68599e-05 -0.00043087 -0.0199537 
v 4.5368e-20 -0.00021794 -0.0199884 
v 9.02217e-20 -0.000433411 -0.0199537 
v 2.35635e-05 -0.000216663 -0.0199884 
v 4.68599e-05 -0.00043087 -0.0199537 
v 4.68508e-05 -0.000212845 -0.0199884 
v 9.31705e-05 -0.000423278 -0.0199537 
v 6.95887e-05 -0.000206532 -0.0199884 
v 0.000138389 -0.000410723 -0.0199537 
v 9.15108e-05 -0.000197797 -0.0199884 
v 0.000181984 -0.000393353 -0.0199537 
v 0.00011236 -0.000186744 -0.0199884 
v 0.000223447 -0.000371371 -0.0199537 
v 0.000131892 -0.000173501 -0.0199884 
v 0.000262289 -0.000345035 -0.0199537 
v 0.000149878 -0.000158224 -0.0199884 
v 0.000298056 -0.000314654 -0.0199537 
v 0.000166106 -0.000141092 -0.0199884 
v 0.000330329 -0.000280584 -0.0199537 
v 0.000180387 -0.000122305 -0.0199884 
v 0.000358729 -0.000243225 -0.0199537 
v 0.000192553 -0.000102085 -0.0199884 
v 0.000382924 -0.000203013 -0.0199537 
v 0.000202462 -8.06681e-05 -0.0199884 
v 0.000402629 -0.000160422 -0.0199537 
v 0.000209997 -5.83053e-05 -0.0199884 
v 0.000417613 -0.00011595 -0.0199537 
v 0.000215069 -3.52588e-05 -0.0199884 
v 0.000427701 -7.01181e-05 -0.0199537 
v 0.000217621 -1.17991e-05 -0.0199884 
v 0.000432775 -2.34644e-05 -0.0199537 
v 0.000217621 1.17991e-05 -0.0199884 
v 0.000432775 2.34644e-05 -0.0199537 
v 0.000215069 3.52588e-05 -0.0199884 
v 0.000427701 7.01181e-05 -0.0199537 
v 0.000209997 5.83053e-05 -0.0199884 
v 0.000417613 0.00011595 -0.0199537 
v 0.000202462 8.06681e-05 -0.0199884 
v 0.000402629 0.000160422 -0.0199537 
v 0.000192553 0.000102085 -0.0199884 
v 0.000382924 0.000203013 -0.0199537 
v 0.000180387 0.000122305 -0.0199884 
v 0.000358729 0.000243225 -0.0199537 
v 0.000166106 0.000141092 -0.0199884 
v 0.000330329 0.000280584 -0.0199537 
v 0.000149878 0.000158224 -0.0199884 
v 0.000298056 0.000314654 -0.0199537 
v 0.000131892 0.000173501 -0.0199884 
v 0.000262289 0.000345035 -0.0199537 
v 0.00011236 0.000186744 -0.0199884 
v 0.000223447 0.000371371 -0.0199537 
v 9.15108e-05 0.000197797 -0.0199884 
v 0.000181984 0.000393353 -0.0199537 
v 6.95887e-05 0.000206532 -0.0199884 
v 0.000138389 0.000410723 -0.0199537 
v 4.68508e-05 0.000212845 -0.0199884 
v 9.31705e-05 0.000423278 -0.0199537 
v 2.35635e-05 0.000216663 -0.0199884 
v 4.68599e-05 0.00043087 -0.0199537 
v 0 0.000643969 -0.0198962 
v -6.96252e-05 0.000640194 -0.0198962 
v -0.000138434 0.000628913 -0.0198962 
v -0.00020562 0.000610259 -0.0198962 
v -0.000270395 0.00058445 -0.0198962 
v -0.000332 0.000551789 -0.0198962 
v -0.000389713 0.000512659 -0.0198962 
v -0.000442857 0.000467518 -0.0198962 
v -0.000490808 0.000416896 -0.0198962 
v -0.000533006 0.000361387 -0.0198962 
v -0.000568954 0.00030164 -0.0198962 
v -0.000598232 0.000238357 -0.0198962 
v -0.000620496 0.00017228 -0.0198962 
v -0.000635485 0.000104183 -0.0198962 
v -0.000643024 3.48638e-05 -0.0198962 
v -0.000643024 -3.48638e-05 -0.0198962 
v -0.000635485 -0.000104183 -0.0198962 
v -0.000620496 -0.00017228 -0.0198962 
v -0.000598232 -0.000238357 -0.0198962 
v -0.000568954 -0.00030164 -0.0198962 
v -0.000533006 -0.000361387 -0.0198962 
v -0.000490808 -0.000416896 -0.0198962 
v -0.000442857 -0.000467518 -0.0198962 
v -0.000389713 -0.000512659 -0.0198962 
v -0.000332 -0.000551789 -0.0198962 
v -0.000270395 -0.00058445 -0.0198962 
v -0.00020562 -0.000610259 -0.0198962 
v -0.000138434 -0.000628913 -0.0198962 
v -6.96252e-05 -0.000640194 -0.0198962 
v 1.34053e-19 -0.000643969 -0.0198962 
v 6.96252e-05 -0.000640194 -0.0198962 
v 0.000138434 -0.000628913 -0.0198962 
v 0.00020562 -0.000610259 -0.0198962 
v 0.000270395 -0.00058445 -0.0198962 
v 0.000332 -0.000551789 -0.0198962 
v 0.000389713 -0.000512659 -0.0198962 
v 0.000442857 -0.000467518 -0.0198962 
v 0.000490808 -0.000416896 -0.0198962 
v 0.000533006 -0.000361387 -0.0198962 
v 0.000568954 -0.00030164 -0.0198962 
v 0.000598232 -0.000238357 -0.0198962 
v 0.000620496 -0.00017228 -0.0198962 
v 0.000635485 -0.000104183 -0.0198962 
v 0.000643024 -3.48638e-05 -0.0198962 
v 0.000643024 3.48638e-05 -0.0198962 
v 0.000635485 0.000104183 -0.0198962 
v 0.000620496 0.00017228 -0.0198962 
v 0.000598232 0.000238357 -0.0198962 
v 0.000568954 0.00030164 -0.0198962 
v 0.000533006 0.000361387 -0.0198962 
v 0.000490808 0.000416896 -0.0198962 
v 0.000442857 0.000467518 -0.0198962 
v 0.000389713 0.000512659 -0.0198962 
v 0.000332 0.000551789 -0.0198962 
v 0.000270395 0.00058445 -0.0198962 
v 0.00020562 0.000610259 -0.0198962 
v 0.000138434 0.000628913 -0.0198962 
v 6.96252e-05 0.000640194 -0.0198962 
v 0 0.000847227 -0.0198167 
v -9.16014e-05 0.000842261 -0.0198167 
v -0.000182129 0.00082742 -0.0198167 
v -0.000270521 0.000802878 -0.0198167 
v -0.000355742 0.000768923 -0.0198167 
v -0.000436791 0.000725953 -0.0198167 
v -0.00051272 0.000674472 -0.0198167 
v -0.000582638 0.000615083 -0.0198167 
v -0.000645725 0.000548483 -0.0198167 
v -0.000701241 0.000475453 -0.0198167 
v -0.000748536 0.000396848 -0.0198167 
v -0.000787054 0.000313591 -0.0198167 
v -0.000816346 0.000226657 -0.0198167 
v -0.000836066 0.000137066 -0.0198167 
v -0.000845985 4.5868e-05 -0.0198167 
v -0.000845985 -4.5868e-05 -0.0198167 
v -0.000836066 -0.000137066 -0.0198167 
v -0.000816346 -0.000226657 -0.0198167 
v -0.000787054 -0.000313591 -0.0198167 
v -0.000748536 -0.000396848 -0.0198167 
v -0.000701241 -0.000475453 -0.0198167 
v -0.000645725 -0.000548483 -0.0198167 
v -0.000582638 -0.000615083 -0.0198167 
v -0.00051272 -0.000674472 -0.0198167 
v -0.000436791 -0.000725953 -0.0198167 
v -0.000355742 -0.000768923 -0.0198167 
v -0.000270521 -0.000802878 -0.0198167 
v -0.000182129 -0.00082742 -0.0198167 
v -9.16014e-05 -0.000842261 -0.0198167 
v 1.76365e-19 -0.000847227 -0.0198167 
v 9.16014e-05 -0.000842261 -0.0198167 
v 0.000182129 -0.00082742 -0.0198167 
v 0.000270521 -0.000802878 -0.0198167 
v 0.000355742 -0.000768923 -0.0198167 
v 0.000436791 -0.000725953 -0.0198167 
v 0.00051272 -0.000674472 -0.0198167 
v 0.000582638 -0.000615083 -0.0198167 
v 0.000645725 -0.000548483 -0.0198167 
v 0.000701241 -0.000475453 -0.0198167 
v 0.000748536 -0.000396848 -0.0198167 
v 0.000787054 -0.000313591 -0.0198167 
v 0.000816346 -0.000226657 -0.0198167 
v 0.000836066 -0.000137066 -0.0198167 
v 0.000845985 -4.5868e-05 -0.0198167 
v 0.000845985 4.5868e-05 -0.0198167 
v 0.000836066 0.000137066 -0.0198167 
v 0.000816346 0.000226657 -0.0198167 
v 0.000787054 0.000313591 -0.0198167 
v 0.000748536 0.000396848 -0.0198167 
v 0.000701241 0.000475453 -0.0198167 
v 0.000645725 0.000548483 -0.0198167 
v 0.000582638 0.000615083 -0.0198167 
v 0.00051272 0.000674472 -0.0198167 
v 0.000436791 0.000725953 -0.0198167 
v 0.000355742 0.000768923 -0.0198167 
v 0.000270521 0.000802878 -0.0198167 
v 0.000182129 0.00082742 -0.0198167 
v 9.16014e-05 0.000842261 -0.0198167 
v 0 0.00104088 -0.0197161 
v -0.000112539 0.00103478 -0.0197161 
v -0.000223759 0.00101655 -0.0197161 
v -0.000332356 0.000986396 -0.0197161 
v -0.000437056 0.00094468 -0.0197161 
v -0.000536631 0.000891888 -0.0197161 
v -0.000629916 0.00082864 -0.0197161 
v -0.000715815 0.000755677 -0.0197161 
v -0.000793322 0.000673854 -0.0197161 
v -0.000861528 0.00058413 -0.0197161 
v -0.000919633 0.000487558 -0.0197161 
v -0.000966956 0.000385271 -0.0197161 
v -0.00100294 0.000278466 -0.0197161 
v -0.00102717 0.000168396 -0.0197161 
v -0.00103936 5.63523e-05 -0.0197161 
v -0.00103936 -5.63523e-05 -0.0197161 
v -0.00102717 -0.000168396 -0.0197161 
v -0.00100294 -0.000278466 -0.0197161 
v -0.000966956 -0.000385271 -0.0197161 
v -0.000919633 -0.000487558 -0.0197161 
v -0.000861528 -0.00058413 -0.0197161 
v -0.000793322 -0.000673854 -0.0197161 
v -0.000715815 -0.000755677 -0.0197161 
v -0.000629916 -0.00082864 -0.0197161 
v -0.000536631 -0.000891888 -0.0197161 
v -0.000437056 -0.00094468 -0.0197161 
v -0.000332356 -0.000986396 -0.0197161 
v -0.000223759 -0.00101655 -0.0197161 
v -0.000112539 -0.00103478 -0.0197161 
v 2.16677e-19 -0.00104088 -0.0197161 
v 0.000112539 -0.00103478 -0.0197161 
v 0.000223759 -0.00101655 -0.0197161 
v 0.000332356 -0.000986396 -0.0197161 
v 0.000437056 -0.00094468 -0.0197161 
v 0.000536631 -0.000891888 -0.0197161 
v 0.000629916 -0.00082864 -0.0197161 
v 0.000715815 -0.000755677 -0.0197161 
v 0.000793322 -0.000673854 -0.0197161 
v 0.000861528 -0.00058413 -0.0197161 
v 0.000919633 -0.000487558 -0.0197161 
v 0.000966956 -0.000385271 -0.0197161 
v 0.00100294 -0.000278466 -0.0197161 
v 0.00102717 -0.000168396 -0.0197161 
v 0.00103936 -5.63523e-05 -0.0197161 
v 0.00103936 5.63523e-05 -0.0197161 
v 0.00102717 0.000168396 -0.0197161 
v 0.00100294 0.000278466 -0.0197161 
v 0.000966956 0.000385271 -0.0197161 
v 0.000919633 0.000487558 -0.0197161 
v 0.000861528 0.00058413 -0.0197161 
v 0.000793322 0.000673854 -0.0197161 
v 0.000715815 0.000755677 -0.0197161 
v 0.000629916 0.00082864 -0.0197161 
v 0.000536631 0.000891888 -0.0197161 
v 0.000437056 0.00094468 -0.0197161 
v 0.000332356 0.000986396 -0.0197161 
v 0.000223759 0.00101655 -0.0197161 
v 0.000112539 0.00103478 -0.0197161 
v 0 0.00122274 -0.0195954 
v -0.000132202 0.00121557 -0.0195954 
v -0.000262853 0.00119415 -0.0195954 
v -0.000390423 0.00115873 -0.0195954 
v -0.000513416 0.00110973 -0.0195954 
v -0.000630389 0.00104771 -0.0195954 
v -0.000739971 0.000973416 -0.0195954 
v -0.000840879 0.000887705 -0.0195954 
v -0.000931927 0.000791586 -0.0195954 
v -0.00101205 0.000686187 -0.0195954 
v -0.00108031 0.000572742 -0.0195954 
v -0.0011359 0.000452583 -0.0195954 
v -0.00117817 0.000327118 -0.0195954 
v -0.00120663 0.000197818 -0.0195954 
v -0.00122095 6.61979e-05 -0.0195954 
v -0.00122095 -6.61979e-05 -0.0195954 
v -0.00120663 -0.000197818 -0.0195954 
v -0.00117817 -0.000327118 -0.0195954 
v -0.0011359 -0.000452583 -0.0195954 
v -0.00108031 -0.000572742 -0.0195954 
v -0.00101205 -0.000686187 -0.0195954 
v -0.000931927 -0.000791586 -0.0195954 
v -0.000840879 -0.000887705 -0.0195954 
v -0.000739971 -0.000973416 -0.0195954 
v -0.000630389 -0.00104771 -0.0195954 
v -0.000513416 -0.00110973 -0.0195954 
v -0.000390423 -0.00115873 -0.0195954 
v -0.000262853 -0.00119415 -0.0195954 
v -0.000132202 -0.00121557 -0.0195954 
v 2.54534e-19 -0.00122274 -0.0195954 
v 0.000132202 -0.00121557 -0.0195954 
v 0.000262853 -0.00119415 -0.0195954 
v 0.000390423 -0.00115873 -0.0195954 
v 0.000513416 -0.00110973 -0.0195954 
v 0.000630389 -0.00104771 -0.0195954 
v 0.000739971 -0.000973416 -0.0195954 
v 0.000840879 -0.000887705 -0.0195954 
v 0.000931927 -0.000791586 -0.0195954 
v 0.00101205 -0.000686187 -0.0195954 
v 0.00108031 -0.000572742 -0.0195954 
v 0.0011359 -0.000452583 -0.0195954 
v 0.00117817 -0.000327118 -0.0195954 
v 0.00120663 -0.000197818 -0.0195954 
v 0.00122095 -6.61979e-05 -0.0195954 
v 0.00122095 6.61979e-05 -0.0195954 
v 0.00120663 0.000197818 -0.0195954 
v 0.00117817 0.000327118 -0.0195954 
v 0.0011359 0.000452583 -0.0195954 
v 0.00108031 0.000572742 -0.0195954 
v 0.00101205 0.000686187 -0.0195954 
v 0.000931927 0.000791586 -0.0195954 
v 0.000840879 0.000887705 -0.0195954 
v 0.000739971 0.000973416 -0.0195954 
v 0.000630389 0.00104771 -0.0195954 
v 0.000513416 0.00110973 -0.0195954 
v 0.000390423 0.00115873 -0.0195954 
v 0.000262853 0.00119415 -0.0195954 
v 0.000132202 0.00121557 -0.0195954 
v 0 0.00139074 -0.0194561 
v -0.000150365 0.00138259 -0.0194561 
v -0.000298968 0.00135823 -0.0194561 
v -0.000444065 0.00131794 -0.0194561 
v -0.000583957 0.0012622 -0.0194561 
v -0.000717001 0.00119167 -0.0194561 
v -0.00084164 0.00110716 -0.0194561 
v -0.000956411 0.00100967 -0.0194561 
v -0.00105997 0.000900346 -0.0194561 
v -0.0011511 0.000780465 -0.0194561 
v -0.00122874 0.000651434 -0.0194561 
v -0.00129197 0.000514766 -0.0194561 
v -0.00134005 0.000372062 -0.0194561 
v -0.00137242 0.000224997 -0.0194561 
v -0.0013887 7.52932e-05 -0.0194561 
v -0.0013887 -7.52932e-05 -0.0194561 
v -0.00137242 -0.000224997 -0.0194561 
v -0.00134005 -0.000372062 -0.0194561 
v -0.00129197 -0.000514766 -0.0194561 
v -0.00122874 -0.000651434 -0.0194561 
v -0.0011511 -0.000780465 -0.0194561 
v -0.00105997 -0.000900346 -0.0194561 
v -0.000956411 -0.00100967 -0.0194561 
v -0.00084164 -0.00110716 -0.0194561 
v -0.000717001 -0.00119167 -0.0194561 
v -0.000583957 -0.0012622 -0.0194561 
v -0.000444065 -0.00131794 -0.0194561 
v -0.000298968 -0.00135823 -0.0194561 
v -0.000150365 -0.00138259 -0.0194561 
v 2.89506e-19 -0.00139074 -0.0194561 
v 0.000150365 -0.00138259 -0.0194561 
v 0.000298968 -0.00135823 -0.0194561 
v 0.000444065 -0.00131794 -0.0194561 
v 0.000583957 -0.0012622 -0.0194561 
v 0.000717001 -0.00119167 -0.0194561 
v 0.00084164 -0.00110716 -0.0194561 
v 0.000956411 -0.00100967 -0.0194561 
v 0.00105997 -0.000900346 -0.0194561 
v 0.0011511 -0.000780465 -0.0194561 
v 0.00122874 -0.000651434 -0.0194561 
v 0.00129197 -0.000514766 -0.0194561 
v 0.00134005 -0.000372062 -0.0194561 
v 0.00137242 -0.000224997 -0.0194561 
v 0.0013887 -7.52932e-05 -0.0194561 
v 0.0013887 7.52932e-05 -0.0194561 
v 0.00137242 0.000224997 -0.0194561 
v 0.00134005 0.000372062 -0.0194561 
v 0.00129197 0.000514766 -0.0194561 
v 0.00122874 0.000651434 -0.0194561 
v 0.0011511 0.000780465 -0.0194561 
v 0.00105997 0.000900346 -0.0194561 
v 0.000956411 0.00100967 -0.0194561 
v 0.00084164 0.00110716 -0.0194561 
v 0.000717001 0.00119167 -0.0194561 
v 0.000583957 0.0012622 -0.0194561 
v 0.000444065 0.00131794 -0.0194561 
v 0.000298968 0.00135823 -0.0194561 
v 0.000150365 0.00138259 -0.0194561 
v 0 0.00154298 -0.0192997 
v -0.000166825 0.00153393 -0.0192997 
v -0.000331694 0.0015069 -0.0192997 
v -0.000492675 0.00146221 -0.0192997 
v -0.000647879 0.00140037 -0.0192997 
v -0.000795487 0.00132211 -0.0192997 
v -0.000933769 0.00122835 -0.0192997 
v -0.0010611 0.00112019 -0.0192997 
v -0.001176 0.000998901 -0.0192997 
v -0.0012771 0.000865898 -0.0192997 
v -0.00136324 0.000722743 -0.0192997 
v -0.00143339 0.000571114 -0.0192997 
v -0.00148673 0.00041279 -0.0192997 
v -0.00152265 0.000249626 -0.0192997 
v -0.00154071 8.3535e-05 -0.0192997 
v -0.00154071 -8.3535e-05 -0.0192997 
v -0.00152265 -0.000249626 -0.0192997 
v -0.00148673 -0.00041279 -0.0192997 
v -0.00143339 -0.000571114 -0.0192997 
v -0.00136324 -0.000722743 -0.0192997 
v -0.0012771 -0.000865898 -0.0192997 
v -0.001176 -0.000998901 -0.0192997 
v -0.0010611 -0.00112019 -0.0192997 
v -0.000933769 -0.00122835 -0.0192997 
v -0.000795487 -0.00132211 -0.0192997 
v -0.000647879 -0.00140037 -0.0192997 
v -0.000492675 -0.00146221 -0.0192997 
v -0.000331694 -0.0015069 -0.0192997 
v -0.000166825 -0.00153393 -0.0192997 
v 3.21196e-19 -0.00154298 -0.0192997 
v 0.000166825 -0.00153393 -0.0192997 
v 0.000331694 -0.0015069 -0.0192997 
v 0.000492675 -0.00146221 -0.0192997 
v 0.000647879 -0.00140037 -0.0192997 
v 0.000795487 -0.00132211 -0.0192997 
v 0.000933769 -0.00122835 -0.0192997 
v 0.0010611 -0.00112019 -0.0192997 
v 0.001176 -0.000998901 -0.0192997 
v 0.0012771 -0.000865898 -0.0192997 
v 0.00136324 -0.000722743 -0.0192997 
v 0.00143339 -0.000571114 -0.0192997 
v 0.00148673 -0.00041279 -0.0192997 
v 0.00152265 -0.000249626 -0.0192997 
v 0.00154071 -8.3535e-05 -0.0192997 
v 0.00154071 8.3535e-05 -0.0192997 
v 0.00152265 0.000249626 -0.0192997 
v 0.00148673 0.00041279 -0.0192997 
v 0.00143339 0.000571114 -0.0192997 
v 0.00136324 0.000722743 -0.0192997 
v 0.0012771 0.000865898 -0.0192997 
v 0.001176 0.000998901 -0.0192997 
v 0.0010611 0.00112019 -0.0192997 
v 0.000933769 0.00122835 -0.0192997 
v 0.000795487 0.00132211 -0.0192997 
v 0.000647879 0.00140037 -0.0192997 
v 0.000492675 0.00146221 -0.0192997 
v 0.000331694 0.0015069 -0.0192997 
v 0.000166825 0.00153393 -0.0192997 
v 0 0.00167772 -0.019128 
v -0.000181394 0.00166789 -0.019128 
v -0.000360661 0.0016385 -0.019128 
v -0.000535699 0.0015899 -0.019128 
v -0.000704458 0.00152266 -0.019128 
v -0.000864956 0.00143757 -0.019128 
v -0.00101531 0.00133562 -0.019128 
v -0.00115377 0.00121802 -0.019128 
v -0.0012787 0.00108613 -0.019128 
v -0.00138863 0.000941516 -0.019128 
v -0.00148229 0.00078586 -0.019128 
v -0.00155857 0.000620989 -0.019128 
v -0.00161657 0.000448838 -0.019128 
v -0.00165562 0.000271425 -0.019128 
v -0.00167526 9.08301e-05 -0.019128 
v -0.00167526 -9.08301e-05 -0.019128 
v -0.00165562 -0.000271425 -0.019128 
v -0.00161657 -0.000448838 -0.019128 
v -0.00155857 -0.000620989 -0.019128 
v -0.00148229 -0.00078586 -0.019128 
v -0.00138863 -0.000941516 -0.019128 
v -0.0012787 -0.00108613 -0.019128 
v -0.00115377 -0.00121802 -0.019128 
v -0.00101531 -0.00133562 -0.019128 
v -0.000864956 -0.00143757 -0.019128 
v -0.000704458 -0.00152266 -0.019128 
v -0.000535699 -0.0015899 -0.019128 
v -0.000360661 -0.0016385 -0.019128 
v -0.000181394 -0.00166789 -0.019128 
v 3.49246e-19 -0.00167772 -0.019128 
v 0.000181394 -0.00166789 -0.019128 
v 0.000360661 -0.0016385 -0.019128 
v 0.000535699 -0.0015899 -0.019128 
v 0.000704458 -0.00152266 -0.019128 
v 0.000864956 -0.00143757 -0.019128 
v 0.00101531 -0.00133562 -0.019128 
v 0.00115377 -0.00121802 -0.019128 
v 0.0012787 -0.00108613 -0.019128 
v 0.00138863 -0.000941516 -0.019128 
v 0.00148229 -0.00078586 -0.019128 
v 0.00155857 -0.000620989 -0.019128 
v 0.00161657 -0.000448838 -0.019128 
v 0.00165562 -0.000271425 -0.019128 
v 0.00167526 -9.08301e-05 -0.019128 
v 0.00167526 9.08301e-05 -0.019128 
v 0.00165562 0.000271425 -0.019128 
v 0.00161657 0.000448838 -0.019128 
v 0.00155857 0.000620989 -0.019128 
v 0.00148229 0.00078586 -0.019128 
v 0.00138863 0.000941516 -0.019128 
v 0.0012787 0.00108613 -0.019128 
v 0.00115377 0.00121802 -0.019128 
v 0.00101531 0.00133562 -0.019128 
v 0.000864956 0.00143757 -0.019128 
v 0.000704458 0.00152266 -0.019128 
v 0.000535699 0.0015899 -0.019128 
v 0.000360661 0.0016385 -0.019128 
v 0.000181394 0.00166789 -0.019128 
v 0 0.00179345 -0.018943 
v -0.000193906 0.00178294 -0.018943 
v -0.00038554 0.00175152 -0.018943 
v -0.000572652 0.00169957 -0.018943 
v -0.000753052 0.00162769 -0.018943 
v -0.000924622 0.00153673 -0.018943 
v -0.00108535 0.00142776 -0.018943 
v -0.00123336 0.00130204 -0.018943 
v -0.0013669 0.00116106 -0.018943 
v -0.00148442 0.00100646 -0.018943 
v -0.00158454 0.000840069 -0.018943 
v -0.00166608 0.000663826 -0.018943 
v -0.00172808 0.0004798 -0.018943 
v -0.00176983 0.000290149 -0.018943 
v -0.00179082 9.70956e-05 -0.018943 
v -0.00179082 -9.70956e-05 -0.018943 
v -0.00176983 -0.000290149 -0.018943 
v -0.00172808 -0.0004798 -0.018943 
v -0.00166608 -0.000663826 -0.018943 
v -0.00158454 -0.000840069 -0.018943 
v -0.00148442 -0.00100646 -0.018943 
v -0.0013669 -0.00116106 -0.018943 
v -0.00123336 -0.00130204 -0.018943 
v -0.00108535 -0.00142776 -0.018943 
v -0.000924622 -0.00153673 -0.018943 
v -0.000753052 -0.00162769 -0.018943 
v -0.000572652 -0.00169957 -0.018943 
v -0.00038554 -0.00175152 -0.018943 
v -0.000193906 -0.00178294 -0.018943 
v 3.73338e-19 -0.00179345 -0.018943 
v 0.000193906 -0.00178294 -0.018943 
v 0.00038554 -0.00175152 -0.018943 
v 0.000572652 -0.00169957 -0.018943 
v 0.000753052 -0.00162769 -0.018943 
v 0.000924622 -0.00153673 -0.018943 
v 0.00108535 -0.00142776 -0.018943 
v 0.00123336 -0.00130204 -0.018943 
v 0.0013669 -0.00116106 -0.018943 
v 0.00148442 -0.00100646 -0.018943 
v 0.00158454 -0.000840069 -0.018943 
v 0.00166608 -0.000663826 -0.018943 
v 0.00172808 -0.0004798 -0.018943 
v 0.00176983 -0.000290149 -0.018943 
v 0.00179082 -9.70956e-05 -0.018943 
v 0.00179082 9.70956e-05 -0.018943 
v 0.00176983 0.000290149 -0.018943 
v 0.00172808 0.0004798 -0.018943 
v 0.00166608 0.000663826 -0.018943 
v 0.00158454 0.000840069 -0.018943 
v 0.00148442 0.00100646 -0.018943 
v 0.0013669 0.00116106 -0.018943 
v 0.00123336 0.00130204 -0.018943 
v 0.00108535 0.00142776 -0.018943 
v 0.000924622 0.00153673 -0.018943 
v 0.000753052 0.00162769 -0.018943 
v 0.000572652 0.00169957 -0.018943 
v 0.00038554 0.00175152 -0.018943 
v 0.000193906 0.00178294 -0.018943 
v 0 0.00188886 -0.0187467 
v -0.000204221 0.00187778 -0.0187467 
v -0.000406048 0.0018447 -0.0187467 
v -0.000603115 0.00178998 -0.0187467 
v -0.00079311 0.00171428 -0.0187467 
v -0.000973807 0.00161848 -0.0187467 
v -0.00114309 0.00150371 -0.0187467 
v -0.00129897 0.0013713 -0.0187467 
v -0.00143961 0.00122282 -0.0187467 
v -0.00156339 0.00106 -0.0187467 
v -0.00166883 0.000884756 -0.0187467 
v -0.0017547 0.000699138 -0.0187467 
v -0.00182001 0.000505323 -0.0187467 
v -0.00186397 0.000305583 -0.0187467 
v -0.00188609 0.000102261 -0.0187467 
v -0.00188609 -0.000102261 -0.0187467 
v -0.00186397 -0.000305583 -0.0187467 
v -0.00182001 -0.000505323 -0.0187467 
v -0.0017547 -0.000699138 -0.0187467 
v -0.00166883 -0.000884756 -0.0187467 
v -0.00156339 -0.00106 -0.0187467 
v -0.00143961 -0.00122282 -0.0187467 
v -0.00129897 -0.0013713 -0.0187467 
v -0.00114309 -0.00150371 -0.0187467 
v -0.000973807 -0.00161848 -0.0187467 
v -0.00079311 -0.00171428 -0.0187467 
v -0.000603115 -0.00178998 -0.0187467 
v -0.000406048 -0.0018447 -0.0187467 
v -0.000204221 -0.00187778 -0.0187467 
v 3.93197e-19 -0.00188886 -0.0187467 
v 0.000204221 -0.00187778 -0.0187467 
v 0.000406048 -0.0018447 -0.0187467 
v 0.000603115 -0.00178998 -0.0187467 
v 0.00079311 -0.00171428 -0.0187467 
v 0.000973807 -0.00161848 -0.0187467 
v 0.00114309 -0.00150371 -0.0187467 
v 0.00129897 -0.0013713 -0.0187467 
v 0.00143961 -0.00122282 -0.0187467 
v 0.00156339 -0.00106 -0.0187467 
v 0.00166883 -0.000884756 -0.0187467 
v 0.0017547 -0.000699138 -0.0187467 
v 0.00182001 -0.000505323 -0.0187467 
v 0.00186397 -0.000305583 -0.0187467 
v 0.00188609 -0.000102261 -0.0187467 
v 0.00188609 0.000102261 -0.0187467 
v 0.00186397 0.000305583 -0.0187467 
v 0.00182001 0.000505323 -0.0187467 
v 0.0017547 0.000699138 -0.0187467 
v 0.00166883 0.000884756 -0.0187467 
v 0.00156339 0.00106 -0.0187467 
v 0.00143961 0.00122282 -0.0187467 
v 0.00129897 0.0013713 -0.0187467 
v 0.00114309 0.00150371 -0.0187467 
v 0.000973807 0.00161848 -0.0187467 
v 0.00079311 0.00171428 -0.0187467 
v 0.000603115 0.00178998 -0.0187467 
v 0.000406048 0.0018447 -0.0187467 
v 0.000204221 0.00187778 -0.0187467 
v 0 0.00196285 -0.0185414 
v -0.000212221 0.00195134 -0.0185414 
v -0.000421955 0.00191696 -0.0185414 
v -0.000626741 0.0018601 -0.0185414 
v -0.00082418 0.00178143 -0.0185414 
v -0.00101196 0.00168188 -0.0185414 
v -0.00118787 0.00156261 -0.0185414 
v -0.00134985 0.00142502 -0.0185414 
v -0.00149601 0.00127072 -0.0185414 
v -0.00162463 0.00110153 -0.0185414 
v -0.0017342 0.000919416 -0.0185414 
v -0.00182344 0.000726526 -0.0185414 
v -0.0018913 0.000525118 -0.0185414 
v -0.00193699 0.000317554 -0.0185414 
v -0.00195997 0.000106267 -0.0185414 
v -0.00195997 -0.000106267 -0.0185414 
v -0.00193699 -0.000317554 -0.0185414 
v -0.0018913 -0.000525118 -0.0185414 
v -0.00182344 -0.000726526 -0.0185414 
v -0.0017342 -0.000919416 -0.0185414 
v -0.00162463 -0.00110153 -0.0185414 
v -0.00149601 -0.00127072 -0.0185414 
v -0.00134985 -0.00142502 -0.0185414 
v -0.00118787 -0.00156261 -0.0185414 
v -0.00101196 -0.00168188 -0.0185414 
v -0.00082418 -0.00178143 -0.0185414 
v -0.000626741 -0.0018601 -0.0185414 
v -0.000421955 -0.00191696 -0.0185414 
v -0.000212221 -0.00195134 -0.0185414 
v 4.086e-19 -0.00196285 -0.0185414 
v 0.000212221 -0.00195134 -0.0185414 
v 0.000421955 -0.00191696 -0.0185414 
v 0.000626741 -0.0018601 -0.0185414 
v 0.00082418 -0.00178143 -0.0185414 
v 0.00101196 -0.00168188 -0.0185414 
v 0.00118787 -0.00156261 -0.0185414 
v 0.00134985 -0.00142502 -0.0185414 
v 0.00149601 -0.00127072 -0.0185414 
v 0.00162463 -0.00110153 -0.0185414 
v 0.0017342 -0.000919416 -0.0185414 
v 0.00182344 -0.000726526 -0.0185414 
v 0.0018913 -0.000525118 -0.0185414 
v 0.00193699 -0.000317554 -0.0185414 
v 0.00195997 -0.000106267 -0.0185414 
v 0.00195997 0.000106267 -0.0185414 
v 0.00193699 0.000317554 -0.0185414 
v 0.0018913 0.000525118 -0.0185414 
v 0.00182344 0.000726526 -0.0185414 
v 0.0017342 0.000919416 -0.0185414 
v 0.00162463 0.00110153 -0.0185414 
v 0.00149601 0.00127072 -0.0185414 
v 0.00134985 0.00142502 -0.0185414 
v 0.00118787 0.00156261 -0.0185414 
v 0.00101196 0.00168188 -0.0185414 
v 0.00082418 0.00178143 -0.0185414 
v 0.000626741 0.0018601 -0.0185414 
v 0.000421955 0.00191696 -0.0185414 
v 0.000212221 0.00195134 -0.0185414 
v 0 0.0020146 -0.0183293 
v -0.000217816 0.00200279 -0.0183293 
v -0.000433079 0.0019675 -0.0183293 
v -0.000643264 0.00190914 -0.0183293 
v -0.000845907 0.0018284 -0.0183293 
v -0.00103863 0.00172622 -0.0183293 
v -0.00121918 0.00160381 -0.0183293 
v -0.00138544 0.00146259 -0.0183293 
v -0.00153545 0.00130422 -0.0183293 
v -0.00166746 0.00113057 -0.0183293 
v -0.00177992 0.000943654 -0.0183293 
v -0.00187151 0.000745679 -0.0183293 
v -0.00194116 0.000538962 -0.0183293 
v -0.00198806 0.000325925 -0.0183293 
v -0.00201164 0.000109068 -0.0183293 
v -0.00201164 -0.000109068 -0.0183293 
v -0.00198806 -0.000325925 -0.0183293 
v -0.00194116 -0.000538962 -0.0183293 
v -0.00187151 -0.000745679 -0.0183293 
v -0.00177992 -0.000943654 -0.0183293 
v -0.00166746 -0.00113057 -0.0183293 
v -0.00153545 -0.00130422 -0.0183293 
v -0.00138544 -0.00146259 -0.0183293 
v -0.00121918 -0.00160381 -0.0183293 
v -0.00103863 -0.00172622 -0.0183293 
v -0.000845907 -0.0018284 -0.0183293 
v -0.000643264 -0.00190914 -0.0183293 
v -0.000433079 -0.0019675 -0.0183293 
v -0.000217816 -0.00200279 -0.0183293 
v 4.19372e-19 -0.0020146 -0.0183293 
v 0.000217816 -0.00200279 -0.0183293 
v 0.000433079 -0.0019675 -0.0183293 
v 0.000643264 -0.00190914 -0.0183293 
v 0.000845907 -0.0018284 -0.0183293 
v 0.00103863 -0.00172622 -0.0183293 
v 0.00121918 -0.00160381 -0.0183293 
v 0.00138544 -0.00146259 -0.0183293 
v 0.00153545 -0.00130422 -0.0183293 
v 0.00166746 -0.00113057 -0.0183293 
v 0.00177992 -0.000943654 -0.0183293 
v 0.00187151 -0.000745679 -0.0183293 
v 0.00194116 -0.000538962 -0.0183293 
v 0.00198806 -0.000325925 -0.0183293 
v 0.00201164 -0.000109068 -0.0183293 
v 0.00201164 0.000109068 -0.0183293 
v 0.00198806 0.000325925 -0.0183293 
v 0.00194116 0.000538962 -0.0183293 
v 0.00187151 0.000745679 -0.0183293 
v 0.00177992 0.000943654 -0.0183293 
v 0.00166746 0.00113057 -0.0183293 
v 0.00153545 0.00130422 -0.0183293 
v 0.00138544 0.00146259 -0.0183293 
v 0.00121918 0.00160381 -0.0183293 
v 0.00103863 0.00172622 -0.0183293 
v 0.000845907 0.0018284 -0.0183293 
v 0.000643264 0.00190914 -0.0183293 
v 0.000433079 0.0019675 -0.0183293 
v 0.000217816 0.00200279 -0.0183293 
v 0 0.00204351 -0.018113 
v -0.000220942 0.00203153 -0.018113 
v -0.000439294 0.00199573 -0.018113 
v -0.000652495 0.00193654 -0.018113 
v -0.000858047 0.00185464 -0.018113 
v -0.00105354 0.00175099 -0.018113 
v -0.00123668 0.00162682 -0.018113 
v -0.00140532 0.00148358 -0.018113 
v -0.00155748 0.00132294 -0.018113 
v -0.00169139 0.00114679 -0.018113 
v -0.00180546 0.000957196 -0.018113 
v -0.00189837 0.00075638 -0.018113 
v -0.00196902 0.000546696 -0.018113 
v -0.00201659 0.000330603 -0.018113 
v -0.00204051 0.000110633 -0.018113 
v -0.00204051 -0.000110633 -0.018113 
v -0.00201659 -0.000330603 -0.018113 
v -0.00196902 -0.000546696 -0.018113 
v -0.00189837 -0.00075638 -0.018113 
v -0.00180546 -0.000957196 -0.018113 
v -0.00169139 -0.00114679 -0.018113 
v -0.00155748 -0.00132294 -0.018113 
v -0.00140532 -0.00148358 -0.018113 
v -0.00123668 -0.00162682 -0.018113 
v -0.00105354 -0.00175099 -0.018113 
v -0.000858047 -0.00185464 -0.018113 
v -0.000652495 -0.00193654 -0.018113 
v -0.000439294 -0.00199573 -0.018113 
v -0.000220942 -0.00203153 -0.018113 
v 4.25391e-19 -0.00204351 -0.018113 
v 0.000220942 -0.00203153 -0.018113 
v 0.000439294 -0.00199573 -0.018113 
v 0.000652495 -0.00193654 -0.018113 
v 0.000858047 -0.00185464 -0.018113 
v 0.00105354 -0.00175099 -0.018113 
v 0.00123668 -0.00162682 -0.018113 
v 0.00140532 -0.00148358 -0.018113 
v 0.00155748 -0.00132294 -0.018113 
v 0.00169139 -0.00114679 -0.018113 
v 0.00180546 -0.000957196 -0.018113 
v 0.00189837 -0.00075638 -0.018113 
v 0.00196902 -0.000546696 -0.018113 
v 0.00201659 -0.000330603 -0.018113 
v 0.00204051 -0.000110633 -0.018113 
v 0.00204051 0.000110633 -0.018113 
v 0.00201659 0.000330603 -0.018113 
v 0.00196902 0.000546696 -0.018113 
v 0.00189837 0.00075638 -0.018113 
v 0.00180546 0.000957196 -0.018113 
v 0.00169139 0.00114679 -0.018113 
v 0.00155748 0.00132294 -0.018113 
v 0.00140532 0.00148358 -0.018113 
v 0.00123668 0.00162682 -0.018113 
v 0.00105354 0.00175099 -0.018113 
v 0.000858047 0.00185464 -0.018113 
v 0.000652495 0.00193654 -0.018113 
v 0.000439294 0.00199573 -0.018113 
v 0.000220942 0.00203153 -0.018113 
v 0 0.00204926 -0.0178948 
v -0.000221564 0.00203724 -0.0178948 
v -0.00044053 0.00200135 -0.0178948 
v -0.000654331 0.00194199 -0.0178948 
v -0.000860461 0.00185986 -0.0178948 
v -0.0010565 0.00175592 -0.0178948 
v -0.00124016 0.0016314 -0.0178948 
v -0.00140927 0.00148775 -0.0178948 
v -0.00156187 0.00132666 -0.0178948 
v -0.00169615 0.00115002 -0.0178948 
v -0.00181054 0.00095989 -0.0178948 
v -0.00190371 0.000758509 -0.0178948 
v -0.00197456 0.000548235 -0.0178948 
v -0.00202226 0.000331533 -0.0178948 
v -0.00204625 0.000110945 -0.0178948 
v -0.00204625 -0.000110945 -0.0178948 
v -0.00202226 -0.000331533 -0.0178948 
v -0.00197456 -0.000548235 -0.0178948 
v -0.00190371 -0.000758509 -0.0178948 
v -0.00181054 -0.00095989 -0.0178948 
v -0.00169615 -0.00115002 -0.0178948 
v -0.00156187 -0.00132666 -0.0178948 
v -0.00140927 -0.00148775 -0.0178948 
v -0.00124016 -0.0016314 -0.0178948 
v -0.0010565 -0.00175592 -0.0178948 
v -0.000860461 -0.00185986 -0.0178948 
v -0.000654331 -0.00194199 -0.0178948 
v -0.00044053 -0.00200135 -0.0178948 
v -0.000221564 -0.00203724 -0.0178948 
v 4.26587e-19 -0.00204926 -0.0178948 
v 0.000221564 -0.00203724 -0.0178948 
v 0.00044053 -0.00200135 -0.0178948 
v 0.000654331 -0.00194199 -0.0178948 
v 0.000860461 -0.00185986 -0.0178948 
v 0.0010565 -0.00175592 -0.0178948 
v 0.00124016 -0.0016314 -0.0178948 
v 0.00140927 -0.00148775 -0.0178948 
v 0.00156187 -0.00132666 -0.0178948 
v 0.00169615 -0.00115002 -0.0178948 
v 0.00181054 -0.00095989 -0.0178948 
v 0.00190371 -0.000758509 -0.0178948 
v 0.00197456 -0.000548235 -0.0178948 
v 0.00202226 -0.000331533 -0.0178948 
v 0.00204625 -0.000110945 -0.0178948 
v 0.00204625 0.000110945 -0.0178948 
v 0.00202226 0.000331533 -0.0178948 
v 0.00197456 0.000548235 -0.0178948 
v 0.00190371 0.000758509 -0.0178948 
v 0.00181054 0.00095989 -0.0178948 
v 0.00169615 0.00115002 -0.0178948 
v 0.00156187 0.00132666 -0.0178948 
v 0.00140927 0.00148775 -0.0178948 
v 0.00124016 0.0016314 -0.0178948 
v 0.0010565 0.00175592 -0.0178948 
v 0.000860461 0.00185986 -0.0178948 
v 0.000654331 0.00194199 -0.0178948 
v 0.00044053 0.00200135 -0.0178948 
v 0.000221564 0.00203724 -0.0178948 
v 0 0.00203178 -0.0176773 
v -0.000219674 0.00201987 -0.0176773 
v -0.000436773 0.00198428 -0.0176773 
v -0.000648751 0.00192542 -0.0176773 
v -0.000853122 0.00184399 -0.0176773 
v -0.00104749 0.00174095 -0.0176773 
v -0.00122958 0.00161749 -0.0176773 
v -0.00139725 0.00147506 -0.0176773 
v -0.00154855 0.00131535 -0.0176773 
v -0.00168168 0.00114021 -0.0176773 
v -0.0017951 0.000951703 -0.0176773 
v -0.00188748 0.000752039 -0.0176773 
v -0.00195772 0.000543559 -0.0176773 
v -0.00200501 0.000328705 -0.0176773 
v -0.0020288 0.000109998 -0.0176773 
v -0.0020288 -0.000109998 -0.0176773 
v -0.00200501 -0.000328705 -0.0176773 
v -0.00195772 -0.000543559 -0.0176773 
v -0.00188748 -0.000752039 -0.0176773 
v -0.0017951 -0.000951703 -0.0176773 
v -0.00168168 -0.00114021 -0.0176773 
v -0.00154855 -0.00131535 -0.0176773 
v -0.00139725 -0.00147506 -0.0176773 
v -0.00122958 -0.00161749 -0.0176773 
v -0.00104749 -0.00174095 -0.0176773 
v -0.000853122 -0.00184399 -0.0176773 
v -0.000648751 -0.00192542 -0.0176773 
v -0.000436773 -0.00198428 -0.0176773 
v -0.000219674 -0.00201987 -0.0176773 
v 4.22949e-19 -0.00203178 -0.0176773 
v 0.000219674 -0.00201987 -0.0176773 
v 0.000436773 -0.00198428 -0.0176773 
v 0.000648751 -0.00192542 -0.0176773 
v 0.000853122 -0.00184399 -0.0176773 
v 0.00104749 -0.00174095 -0.0176773 
v 0.00122958 -0.00161749 -0.0176773 
v 0.00139725 -0.00147506 -0.0176773 
v 0.00154855 -0.00131535 -0.0176773 
v 0.00168168 -0.00114021 -0.0176773 
v 0.0017951 -0.000951703 -0.0176773 
v 0.00188748 -0.000752039 -0.0176773 
v 0.00195772 -0.000543559 -0.0176773 
v 0.00200501 -0.000328705 -0.0176773 
v 0.0020288 -0.000109998 -0.0176773 
v 0.0020288 0.000109998 -0.0176773 
v 0.00200501 0.000328705 -0.0176773 
v 0.00195772 0.000543559 -0.0176773 
v 0.00188748 0.000752039 -0.0176773 
v 0.0017951 0.000951703 -0.0176773 
v 0.00168168 0.00114021 -0.0176773 
v 0.00154855 0.00131535 -0.0176773 
v 0.00139725 0.00147506 -0.0176773 
v 0.00122958 0.00161749 -0.0176773 
v 0.00104749 0.00174095 -0.0176773 
v 0.000853122 0.00184399 -0.0176773 
v 0.000648751 0.00192542 -0.0176773 
v 0.000436773 0.00198428 -0.0176773 
v 0.000219674 0.00201987 -0.0176773 
v 0 0.00199127 -0.0174628 
v -0.000215295 0.0019796 -0.0174628 
v -0.000428065 0.00194472 -0.0174628 
v -0.000635817 0.00188704 -0.0174628 
v -0.000836114 0.00180723 -0.0174628 
v -0.00102661 0.00170624 -0.0174628 
v -0.00120507 0.00158524 -0.0174628 
v -0.0013694 0.00144566 -0.0174628 
v -0.00151767 0.00128912 -0.0174628 
v -0.00164816 0.00111748 -0.0174628 
v -0.00175931 0.000932729 -0.0174628 
v -0.00184985 0.000737046 -0.0174628 
v -0.00191869 0.000532722 -0.0174628 
v -0.00196504 0.000322152 -0.0174628 
v -0.00198835 0.000107805 -0.0174628 
v -0.00198835 -0.000107805 -0.0174628 
v -0.00196504 -0.000322152 -0.0174628 
v -0.00191869 -0.000532722 -0.0174628 
v -0.00184985 -0.000737046 -0.0174628 
v -0.00175931 -0.000932729 -0.0174628 
v -0.00164816 -0.00111748 -0.0174628 
v -0.00151767 -0.00128912 -0.0174628 
v -0.0013694 -0.00144566 -0.0174628 
v -0.00120507 -0.00158524 -0.0174628 
v -0.00102661 -0.00170624 -0.0174628 
v -0.000836114 -0.00180723 -0.0174628 
v -0.000635817 -0.00188704 -0.0174628 
v -0.000428065 -0.00194472 -0.0174628 
v -0.000215295 -0.0019796 -0.0174628 
v 4.14517e-19 -0.00199127 -0.0174628 
v 0.000215295 -0.0019796 -0.0174628 
v 0.000428065 -0.00194472 -0.0174628 
v 0.000635817 -0.00188704 -0.0174628 
v 0.000836114 -0.00180723 -0.0174628 
v 0.00102661 -0.00170624 -0.0174628 
v 0.00120507 -0.00158524 -0.0174628 
v 0.0013694 -0.00144566 -0.0174628 
v 0.00151767 -0.00128912 -0.0174628 
v 0.00164816 -0.00111748 -0.0174628 
v 0.00175931 -0.000932729 -0.0174628 
v 0.00184985 -0.000737046 -0.0174628 
v 0.00191869 -0.000532722 -0.0174628 
v 0.00196504 -0.000322152 -0.0174628 
v 0.00198835 -0.000107805 -0.0174628 
v 0.00198835 0.000107805 -0.0174628 
v 0.00196504 0.000322152 -0.0174628 
v 0.00191869 0.000532722 -0.0174628 
v 0.00184985 0.000737046 -0.0174628 
v 0.00175931 0.000932729 -0.0174628 
v 0.00164816 0.00111748 -0.0174628 
v 0.00151767 0.00128912 -0.0174628 
v 0.0013694 0.00144566 -0.0174628 
v 0.00120507 0.00158524 -0.0174628 
v 0.00102661 0.00170624 -0.0174628 
v 0.000836114 0.00180723 -0.0174628 
v 0.000635817 0.00188704 -0.0174628 
v 0.000428065 0.00194472 -0.0174628 
v 0.000215295 0.0019796 -0.0174628 
v 0 0.0019282 -0.0172539 
v -0.000208475 0.00191689 -0.0172539 
v -0.000414505 0.00188312 -0.0172539 
v -0.000615676 0.00182726 -0.0172539 
v -0.000809629 0.00174998 -0.0172539 
v -0.000994089 0.00165219 -0.0172539 
v -0.0011669 0.00153502 -0.0172539 
v -0.00132602 0.00139986 -0.0172539 
v -0.0014696 0.00124829 -0.0172539 
v -0.00159595 0.00108208 -0.0172539 
v -0.00170359 0.000903184 -0.0172539 
v -0.00179125 0.000713699 -0.0172539 
v -0.00185791 0.000515847 -0.0172539 
v -0.0019028 0.000311948 -0.0172539 
v -0.00192537 0.00010439 -0.0172539 
v -0.00192537 -0.00010439 -0.0172539 
v -0.0019028 -0.000311948 -0.0172539 
v -0.00185791 -0.000515847 -0.0172539 
v -0.00179125 -0.000713699 -0.0172539 
v -0.00170359 -0.000903184 -0.0172539 
v -0.00159595 -0.00108208 -0.0172539 
v -0.0014696 -0.00124829 -0.0172539 
v -0.00132602 -0.00139986 -0.0172539 
v -0.0011669 -0.00153502 -0.0172539 
v -0.000994089 -0.00165219 -0.0172539 
v -0.000809629 -0.00174998 -0.0172539 
v -0.000615676 -0.00182726 -0.0172539 
v -0.000414505 -0.00188312 -0.0172539 
v -0.000208475 -0.00191689 -0.0172539 
v 4.01387e-19 -0.0019282 -0.0172539 
v 0.000208475 -0.00191689 -0.0172539 
v 0.000414505 -0.00188312 -0.0172539 
v 0.000615676 -0.00182726 -0.0172539 
v 0.000809629 -0.00174998 -0.0172539 
v 0.000994089 -0.00165219 -0.0172539 
v 0.0011669 -0.00153502 -0.0172539 
v 0.00132602 -0.00139986 -0.0172539 
v 0.0014696 -0.00124829 -0.0172539 
v 0.00159595 -0.00108208 -0.0172539 
v 0.00170359 -0.000903184 -0.0172539 
v 0.00179125 -0.000713699 -0.0172539 
v 0.00185791 -0.000515847 -0.0172539 
v 0.0019028 -0.000311948 -0.0172539 
v 0.00192537 -0.00010439 -0.0172539 
v 0.00192537 0.00010439 -0.0172539 
v 0.0019028 0.000311948 -0.0172539 
v 0.00185791 0.000515847 -0.0172539 
v 0.00179125 0.000713699 -0.0172539 
v 0.00170359 0.000903184 -0.0172539 
v 0.00159595 0.00108208 -0.0172539 
v 0.0014696 0.00124829 -0.0172539 
v 0.00132602 0.00139986 -0.0172539 
v 0.0011669 0.00153502 -0.0172539 
v 0.000994089 0.00165219 -0.0172539 
v 0.000809629 0.00174998 -0.0172539 
v 0.000615676 0.00182726 -0.0172539 
v 0.000414505 0.00188312 -0.0172539 
v 0.000208475 0.00191689 -0.0172539 
v 0 0.00184327 -0.0170529 
v -0.000199292 0.00183246 -0.0170529 
v -0.000396248 0.00180017 -0.0170529 
v -0.000588557 0.00174678 -0.0170529 
v -0.000773967 0.0016729 -0.0170529 
v -0.000950302 0.00157941 -0.0170529 
v -0.0011155 0.00146741 -0.0170529 
v -0.00126761 0.0013382 -0.0170529 
v -0.00140487 0.0011933 -0.0170529 
v -0.00152565 0.00103442 -0.0170529 
v -0.00162855 0.000863401 -0.0170529 
v -0.00171235 0.000682263 -0.0170529 
v -0.00177608 0.000493126 -0.0170529 
v -0.00181898 0.000298207 -0.0170529 
v -0.00184056 9.97924e-05 -0.0170529 
v -0.00184056 -9.97924e-05 -0.0170529 
v -0.00181898 -0.000298207 -0.0170529 
v -0.00177608 -0.000493126 -0.0170529 
v -0.00171235 -0.000682263 -0.0170529 
v -0.00162855 -0.000863401 -0.0170529 
v -0.00152565 -0.00103442 -0.0170529 
v -0.00140487 -0.0011933 -0.0170529 
v -0.00126761 -0.0013382 -0.0170529 
v -0.0011155 -0.00146741 -0.0170529 
v -0.000950302 -0.00157941 -0.0170529 
v -0.000773967 -0.0016729 -0.0170529 
v -0.000588557 -0.00174678 -0.0170529 
v -0.000396248 -0.00180017 -0.0170529 
v -0.000199292 -0.00183246 -0.0170529 
v 3.83707e-19 -0.00184327 -0.0170529 
v 0.000199292 -0.00183246 -0.0170529 
v 0.000396248 -0.00180017 -0.0170529 
v 0.000588557 -0.00174678 -0.0170529 
v 0.000773967 -0.0016729 -0.0170529 
v 0.000950302 -0.00157941 -0.0170529 
v 0.0011155 -0.00146741 -0.0170529 
v 0.00126761 -0.0013382 -0.0170529 
v 0.00140487 -0.0011933 -0.0170529 
v 0.00152565 -0.00103442 -0.0170529 
v 0.00162855 -0.000863401 -0.0170529 
v 0.00171235 -0.000682263 -0.0170529 
v 0.00177608 -0.000493126 -0.0170529 
v 0.00181898 -0.000298207 -0.0170529 
v 0.00184056 -9.97924e-05 -0.0170529 
v 0.00184056 9.97924e-05 -0.0170529 
v 0.00181898 0.000298207 -0.0170529 
v 0.00177608 0.000493126 -0.0170529 
v 0.00171235 0.000682263 -0.0170529 
v 0.00162855 0.000863401 -0.0170529 
v 0.00152565 0.00103442 -0.0170529 
v 0.00140487 0.0011933 -0.0170529 
v 0.00126761 0.0013382 -0.0170529 
v 0.0011155 0.00146741 -0.0170529 
v 0.000950302 0.00157941 -0.0170529 
v 0.000773967 0.0016729 -0.0170529 
v 0.000588557 0.00174678 -0.0170529 
v 0.000396248 0.00180017 -0.0170529 
v 0.000199292 0.00183246 -0.0170529 
v 0 0.00173744 -0.016862 
v -0.00018785 0.00172726 -0.016862 
v -0.000373498 0.00169682 -0.016862 
v -0.000554768 0.00164649 -0.016862 
v -0.000729533 0.00157686 -0.016862 
v -0.000895744 0.00148874 -0.016862 
v -0.00105145 0.00138316 -0.016862 
v -0.00119484 0.00126137 -0.016862 
v -0.00132421 0.0011248 -0.016862 
v -0.00143806 0.000975029 -0.016862 
v -0.00153505 0.000813832 -0.016862 
v -0.00161404 0.000643093 -0.016862 
v -0.00167411 0.000464815 -0.016862 
v -0.00171455 0.000281087 -0.016862 
v -0.00173489 9.40632e-05 -0.016862 
v -0.00173489 -9.40632e-05 -0.016862 
v -0.00171455 -0.000281087 -0.016862 
v -0.00167411 -0.000464815 -0.016862 
v -0.00161404 -0.000643093 -0.016862 
v -0.00153505 -0.000813832 -0.016862 
v -0.00143806 -0.000975029 -0.016862 
v -0.00132421 -0.0011248 -0.016862 
v -0.00119484 -0.00126137 -0.016862 
v -0.00105145 -0.00138316 -0.016862 
v -0.000895744 -0.00148874 -0.016862 
v -0.000729533 -0.00157686 -0.016862 
v -0.000554768 -0.00164649 -0.016862 
v -0.000373498 -0.00169682 -0.016862 
v -0.00018785 -0.00172726 -0.016862 
v 3.61678e-19 -0.00173744 -0.016862 
v 0.00018785 -0.00172726 -0.016862 
v 0.000373498 -0.00169682 -0.016862 
v 0.000554768 -0.00164649 -0.016862 
v 0.000729533 -0.00157686 -0.016862 
v 0.000895744 -0.00148874 -0.016862 
v 0.00105145 -0.00138316 -0.016862 
v 0.00119484 -0.00126137 -0.016862 
v 0.00132421 -0.0011248 -0.016862 
v 0.00143806 -0.000975029 -0.016862 
v 0.00153505 -0.000813832 -0.016862 
v 0.00161404 -0.000643093 -0.016862 
v 0.00167411 -0.000464815 -0.016862 
v 0.00171455 -0.000281087 -0.016862 
v 0.00173489 -9.40632e-05 -0.016862 
v 0.00173489 9.40632e-05 -0.016862 
v 0.00171455 0.000281087 -0.016862 
v 0.00167411 0.000464815 -0.016862 
v 0.00161404 0.000643093 -0.016862 
v 0.00153505 0.000813832 -0.016862 
v 0.00143806 0.000975029 -0.016862 
v 0.00132421 0.0011248 -0.016862 
v 0.00119484 0.00126137 -0.016862 
v 0.00105145 0.00138316 -0.016862 
v 0.000895744 0.00148874 -0.016862 
v 0.000729533 0.00157686 -0.016862 
v 0.000554768 0.00164649 -0.016862 
v 0.000373498 0.00169682 -0.016862 
v 0.00018785 0.00172726 -0.016862 
v 0 0.00161192 -0.0166834 
v -0.00017428 0.00160247 -0.0166834 
v -0.000346516 0.00157424 -0.0166834 
v -0.00051469 0.00152754 -0.0166834 
v -0.000676829 0.00146294 -0.0166834 
v -0.000831034 0.00138119 -0.0166834 
v -0.000975495 0.00128324 -0.0166834 
v -0.00110852 0.00117025 -0.0166834 
v -0.00122855 0.00104354 -0.0166834 
v -0.00133417 0.000904591 -0.0166834 
v -0.00142415 0.000755039 -0.0166834 
v -0.00149744 0.000596635 -0.0166834 
v -0.00155317 0.000431235 -0.0166834 
v -0.00159069 0.00026078 -0.0166834 
v -0.00160956 8.72678e-05 -0.0166834 
v -0.00160956 -8.72678e-05 -0.0166834 
v -0.00159069 -0.00026078 -0.0166834 
v -0.00155317 -0.000431235 -0.0166834 
v -0.00149744 -0.000596635 -0.0166834 
v -0.00142415 -0.000755039 -0.0166834 
v -0.00133417 -0.000904591 -0.0166834 
v -0.00122855 -0.00104354 -0.0166834 
v -0.00110852 -0.00117025 -0.0166834 
v -0.000975495 -0.00128324 -0.0166834 
v -0.000831034 -0.00138119 -0.0166834 
v -0.000676829 -0.00146294 -0.0166834 
v -0.00051469 -0.00152754 -0.0166834 
v -0.000346516 -0.00157424 -0.0166834 
v -0.00017428 -0.00160247 -0.0166834 
v 3.35549e-19 -0.00161192 -0.0166834 
v 0.00017428 -0.00160247 -0.0166834 
v 0.000346516 -0.00157424 -0.0166834 
v 0.00051469 -0.00152754 -0.0166834 
v 0.000676829 -0.00146294 -0.0166834 
v 0.000831034 -0.00138119 -0.0166834 
v 0.000975495 -0.00128324 -0.0166834 
v 0.00110852 -0.00117025 -0.0166834 
v 0.00122855 -0.00104354 -0.0166834 
v 0.00133417 -0.000904591 -0.0166834 
v 0.00142415 -0.000755039 -0.0166834 
v 0.00149744 -0.000596635 -0.0166834 
v 0.00155317 -0.000431235 -0.0166834 
v 0.00159069 -0.00026078 -0.0166834 
v 0.00160956 -8.72678e-05 -0.0166834 
v 0.00160956 8.72678e-05 -0.0166834 
v 0.00159069 0.00026078 -0.0166834 
v 0.00155317 0.000431235 -0.0166834 
v 0.00149744 0.000596635 -0.0166834 
v 0.00142415 0.000755039 -0.0166834 
v 0.00133417 0.000904591 -0.0166834 
v 0.00122855 0.00104354 -0.0166834 
v 0.00110852 0.00117025 -0.0166834 
v 0.000975495 0.00128324 -0.0166834 
v 0.000831034 0.00138119 -0.0166834 
v 0.000676829 0.00146294 -0.0166834 
v 0.00051469 0.00152754 -0.0166834 
v 0.000346516 0.00157424 -0.0166834 
v 0.00017428 0.00160247 -0.0166834 
v 0 0.00146814 -0.0165192 
v -0.000158733 0.00145953 -0.0165192 
v -0.000315606 0.00143381 -0.0165192 
v -0.000468778 0.00139128 -0.0165192 
v -0.000616455 0.00133244 -0.0165192 
v -0.000756903 0.00125798 -0.0165192 
v -0.000888478 0.00116877 -0.0165192 
v -0.00100964 0.00106586 -0.0165192 
v -0.00111896 0.000950451 -0.0165192 
v -0.00121516 0.000823899 -0.0165192 
v -0.00129712 0.000687688 -0.0165192 
v -0.00136386 0.000543413 -0.0165192 
v -0.00141462 0.000392768 -0.0165192 
v -0.0014488 0.000237518 -0.0165192 
v -0.00146598 7.94833e-05 -0.0165192 
v -0.00146598 -7.94833e-05 -0.0165192 
v -0.0014488 -0.000237518 -0.0165192 
v -0.00141462 -0.000392768 -0.0165192 
v -0.00136386 -0.000543413 -0.0165192 
v -0.00129712 -0.000687688 -0.0165192 
v -0.00121516 -0.000823899 -0.0165192 
v -0.00111896 -0.000950451 -0.0165192 
v -0.00100964 -0.00106586 -0.0165192 
v -0.000888478 -0.00116877 -0.0165192 
v -0.000756903 -0.00125798 -0.0165192 
v -0.000616455 -0.00133244 -0.0165192 
v -0.000468778 -0.00139128 -0.0165192 
v -0.000315606 -0.00143381 -0.0165192 
v -0.000158733 -0.00145953 -0.0165192 
v 3.05617e-19 -0.00146814 -0.0165192 
v 0.000158733 -0.00145953 -0.0165192 
v 0.000315606 -0.00143381 -0.0165192 
v 0.000468778 -0.00139128 -0.0165192 
v 0.000616455 -0.00133244 -0.0165192 
v 0.000756903 -0.00125798 -0.0165192 
v 0.000888478 -0.00116877 -0.0165192 
v 0.00100964 -0.00106586 -0.0165192 
v 0.00111896 -0.000950451 -0.0165192 
v 0.00121516 -0.000823899 -0.0165192 
v 0.00129712 -0.000687688 -0.0165192 
v 0.00136386 -0.000543413 -0.0165192 
v 0.00141462 -0.000392768 -0.0165192 
v 0.0014488 -0.000237518 -0.0165192 
v 0.00146598 -7.94833e-05 -0.0165192 
v 0.00146598 7.94833e-05 -0.0165192 
v 0.0014488 0.000237518 -0.0165192 
v 0.00141462 0.000392768 -0.0165192 
v 0.00136386 0.000543413 -0.0165192 
v 0.00129712 0.000687688 -0.0165192 
v 0.00121516 0.000823899 -0.0165192 
v 0.00111896 0.000950451 -0.0165192 
v 0.00100964 0.00106586 -0.0165192 
v 0.000888478 0.00116877 -0.0165192 
v 0.000756903 0.00125798 -0.0165192 
v 0.000616455 0.00133244 -0.0165192 
v 0.000468778 0.00139128 -0.0165192 
v 0.000315606 0.00143381 -0.0165192 
v 0.000158733 0.00145953 -0.0165192 
v 0 0.00130771 -0.0163713 
v -0.000141388 0.00130004 -0.0163713 
v -0.000281119 0.00127714 -0.0163713 
v -0.000417553 0.00123925 -0.0163713 
v -0.000549093 0.00118684 -0.0163713 
v -0.000674194 0.00112052 -0.0163713 
v -0.000791392 0.00104106 -0.0163713 
v -0.000899311 0.000949391 -0.0163713 
v -0.000996686 0.000846593 -0.0163713 
v -0.00108238 0.000733869 -0.0163713 
v -0.00115538 0.000612542 -0.0163713 
v -0.00121483 0.000484033 -0.0163713 
v -0.00126004 0.000349849 -0.0163713 
v -0.00129048 0.000211564 -0.0163713 
v -0.00130579 7.07979e-05 -0.0163713 
v -0.00130579 -7.07979e-05 -0.0163713 
v -0.00129048 -0.000211564 -0.0163713 
v -0.00126004 -0.000349849 -0.0163713 
v -0.00121483 -0.000484033 -0.0163713 
v -0.00115538 -0.000612542 -0.0163713 
v -0.00108238 -0.000733869 -0.0163713 
v -0.000996686 -0.000846593 -0.0163713 
v -0.000899311 -0.000949391 -0.0163713 
v -0.000791392 -0.00104106 -0.0163713 
v -0.000674194 -0.00112052 -0.0163713 
v -0.000549093 -0.00118684 -0.0163713 
v -0.000417553 -0.00123925 -0.0163713 
v -0.000281119 -0.00127714 -0.0163713 
v -0.000141388 -0.00130004 -0.0163713 
v 2.72222e-19 -0.00130771 -0.0163713 
v 0.000141388 -0.00130004 -0.0163713 
v 0.000281119 -0.00127714 -0.0163713 
v 0.000417553 -0.00123925 -0.0163713 
v 0.000549093 -0.00118684 -0.0163713 
v 0.000674194 -0.00112052 -0.0163713 
v 0.000791392 -0.00104106 -0.0163713 
v 0.000899311 -0.000949391 -0.0163713 
v 0.000996686 -0.000846593 -0.0163713 
v 0.00108238 -0.000733869 -0.0163713 
v 0.00115538 -0.000612542 -0.0163713 
v 0.00121483 -0.000484033 -0.0163713 
v 0.00126004 -0.000349849 -0.0163713 
v 0.00129048 -0.000211564 -0.0163713 
v 0.00130579 -7.07979e-05 -0.0163713 
v 0.00130579 7.07979e-05 -0.0163713 
v 0.00129048 0.000211564 -0.0163713 
v 0.00126004 0.000349849 -0.0163713 
v 0.00121483 0.000484033 -0.0163713 
v 0.00115538 0.000612542 -0.0163713 
v 0.00108238 0.000733869 -0.0163713 
v 0.000996686 0.000846593 -0.0163713 
v 0.000899311 0.000949391 -0.0163713 
v 0.000791392 0.00104106 -0.0163713 
v 0.000674194 0.00112052 -0.0163713 
v 0.000549093 0.00118684 -0.0163713 
v 0.000417553 0.00123925 -0.0163713 
v 0.000281119 0.00127714 -0.0163713 
v 0.000141388 0.00130004 -0.0163713 
v 0 0.00113246 -0.0162412 
v -0.00012244 0.00112582 -0.0162412 
v -0.000243445 0.00110598 -0.0162412 
v -0.000361596 0.00107318 -0.0162412 
v -0.000475507 0.00102779 -0.0162412 
v -0.000583843 0.000970355 -0.0162412 
v -0.000685335 0.000901542 -0.0162412 
v -0.000778791 0.00082216 -0.0162412 
v -0.000863117 0.000733138 -0.0162412 
v -0.000937323 0.000635521 -0.0162412 
v -0.00100054 0.000530453 -0.0162412 
v -0.00105203 0.000419166 -0.0162412 
v -0.00109118 0.000302965 -0.0162412 
v -0.00111754 0.000183211 -0.0162412 
v -0.0011308 6.13101e-05 -0.0162412 
v -0.0011308 -6.13101e-05 -0.0162412 
v -0.00111754 -0.000183211 -0.0162412 
v -0.00109118 -0.000302965 -0.0162412 
v -0.00105203 -0.000419166 -0.0162412 
v -0.00100054 -0.000530453 -0.0162412 
v -0.000937323 -0.000635521 -0.0162412 
v -0.000863117 -0.000733138 -0.0162412 
v -0.000778791 -0.00082216 -0.0162412 
v -0.000685335 -0.000901542 -0.0162412 
v -0.000583843 -0.000970355 -0.0162412 
v -0.000475507 -0.00102779 -0.0162412 
v -0.000361596 -0.00107318 -0.0162412 
v -0.000243445 -0.00110598 -0.0162412 
v -0.00012244 -0.00112582 -0.0162412 
v 2.3574e-19 -0.00113246 -0.0162412 
v 0.00012244 -0.00112582 -0.0162412 
v 0.000243445 -0.00110598 -0.0162412 
v 0.000361596 -0.00107318 -0.0162412 
v 0.000475507 -0.00102779 -0.0162412 
v 0.000583843 -0.000970355 -0.0162412 
v 0.000685335 -0.000901542 -0.0162412 
v 0.000778791 -0.00082216 -0.0162412 
v 0.000863117 -0.000733138 -0.0162412 
v 0.000937323 -0.000635521 -0.0162412 
v 0.00100054 -0.000530453 -0.0162412 
v 0.00105203 -0.000419166 -0.0162412 
v 0.00109118 -0.000302965 -0.0162412 
v 0.00111754 -0.000183211 -0.0162412 
v 0.0011308 -6.13101e-05 -0.0162412 
v 0.0011308 6.13101e-05 -0.0162412 
v 0.00111754 0.000183211 -0.0162412 
v 0.00109118 0.000302965 -0.0162412 
v 0.00105203 0.000419166 -0.0162412 
v 0.00100054 0.000530453 -0.0162412 
v 0.000937323 0.000635521 -0.0162412 
v 0.000863117 0.000733138 -0.0162412 
v 0.000778791 0.00082216 -0.0162412 
v 0.000685335 0.000901542 -0.0162412 
v 0.000583843 0.000970355 -0.0162412 
v 0.000475507 0.00102779 -0.0162412 
v 0.000361596 0.00107318 -0.0162412 
v 0.000243445 0.00110598 -0.0162412 
v 0.00012244 0.00112582 -0.0162412 
v 0 0.000944373 -0.0161305 
v -0.000102105 0.000938837 -0.0161305 
v -0.000203012 0.000922294 -0.0161305 
v -0.00030154 0.000894938 -0.0161305 
v -0.000396532 0.000857089 -0.0161305 
v -0.000486875 0.000809193 -0.0161305 
v -0.00057151 0.000751809 -0.0161305 
v -0.000649445 0.00068561 -0.0161305 
v -0.000719765 0.000611374 -0.0161305 
v -0.000781647 0.00052997 -0.0161305 
v -0.000834365 0.000442352 -0.0161305 
v -0.0008773 0.000349548 -0.0161305 
v -0.00090995 0.000252646 -0.0161305 
v -0.000931932 0.000152783 -0.0161305 
v -0.000942988 5.11273e-05 -0.0161305 
v -0.000942988 -5.11273e-05 -0.0161305 
v -0.000931932 -0.000152783 -0.0161305 
v -0.00090995 -0.000252646 -0.0161305 
v -0.0008773 -0.000349548 -0.0161305 
v -0.000834365 -0.000442352 -0.0161305 
v -0.000781647 -0.00052997 -0.0161305 
v -0.000719765 -0.000611374 -0.0161305 
v -0.000649445 -0.00068561 -0.0161305 
v -0.00057151 -0.000751809 -0.0161305 
v -0.000486875 -0.000809193 -0.0161305 
v -0.000396532 -0.000857089 -0.0161305 
v -0.00030154 -0.000894938 -0.0161305 
v -0.000203012 -0.000922294 -0.0161305 
v -0.000102105 -0.000938837 -0.0161305 
v 1.96587e-19 -0.000944373 -0.0161305 
v 0.000102105 -0.000938837 -0.0161305 
v 0.000203012 -0.000922294 -0.0161305 
v 0.00030154 -0.000894938 -0.0161305 
v 0.000396532 -0.000857089 -0.0161305 
v 0.000486875 -0.000809193 -0.0161305 
v 0.00057151 -0.000751809 -0.0161305 
v 0.000649445 -0.00068561 -0.0161305 
v 0.000719765 -0.000611374 -0.0161305 
v 0.000781647 -0.00052997 -0.0161305 
v 0.000834365 -0.000442352 -0.0161305 
v 0.0008773 -0.000349548 -0.0161305 
v 0.00090995 -0.000252646 -0.0161305 
v 0.000931932 -0.000152783 -0.0161305 
v 0.000942988 -5.11273e-05 -0.0161305 
v 0.000942988 5.11273e-05 -0.0161305 
v 0.000931932 0.000152783 -0.0161305 
v 0.00090995 0.000252646 -0.0161305 
v 0.0008773 0.000349548 -0.0161305 
v 0.000834365 0.000442352 -0.0161305 
v 0.000781647 0.00052997 -0.0161305 
v 0.000719765 0.000611374 -0.0161305 
v 0.000649445 0.00068561 -0.0161305 
v 0.00057151 0.000751809 -0.0161305 
v 0.000486875 0.000809193 -0.0161305 
v 0.000396532 0.000857089 -0.0161305 
v 0.00030154 0.000894938 -0.0161305 
v 0.000203012 0.000922294 -0.0161305 
v 0.000102105 0.000938837 -0.0161305 
v 0 0.000745583 -0.0160404 
v -8.06117e-05 0.000741212 -0.0160404 
v -0.000160278 0.000728152 -0.0160404 
v -0.000238066 0.000706554 -0.0160404 
v -0.000313062 0.000676673 -0.0160404 
v -0.000384388 0.000638858 -0.0160404 
v -0.000451208 0.000593553 -0.0160404 
v -0.000512737 0.00054129 -0.0160404 
v -0.000568255 0.00048268 -0.0160404 
v -0.000617111 0.000418412 -0.0160404 
v -0.000658732 0.000349237 -0.0160404 
v -0.000692629 0.000275969 -0.0160404 
v -0.000718406 0.000199465 -0.0160404 
v -0.000735761 0.000120622 -0.0160404 
v -0.000744489 4.0365e-05 -0.0160404 
v -0.000744489 -4.0365e-05 -0.0160404 
v -0.000735761 -0.000120622 -0.0160404 
v -0.000718406 -0.000199465 -0.0160404 
v -0.000692629 -0.000275969 -0.0160404 
v -0.000658732 -0.000349237 -0.0160404 
v -0.000617111 -0.000418412 -0.0160404 
v -0.000568255 -0.00048268 -0.0160404 
v -0.000512737 -0.00054129 -0.0160404 
v -0.000451208 -0.000593553 -0.0160404 
v -0.000384388 -0.000638858 -0.0160404 
v -0.000313062 -0.000676673 -0.0160404 
v -0.000238066 -0.000706554 -0.0160404 
v -0.000160278 -0.000728152 -0.0160404 
v -8.06117e-05 -0.000741212 -0.0160404 
v 1.55206e-19 -0.000745583 -0.0160404 
v 8.06117e-05 -0.000741212 -0.0160404 
v 0.000160278 -0.000728152 -0.0160404 
v 0.000238066 -0.000706554 -0.0160404 
v 0.000313062 -0.000676673 -0.0160404 
v 0.000384388 -0.000638858 -0.0160404 
v 0.000451208 -0.000593553 -0.0160404 
v 0.000512737 -0.00054129 -0.0160404 
v 0.000568255 -0.00048268 -0.0160404 
v 0.000617111 -0.000418412 -0.0160404 
v 0.000658732 -0.000349237 -0.0160404 
v 0.000692629 -0.000275969 -0.0160404 
v 0.000718406 -0.000199465 -0.0160404 
v 0.000735761 -0.000120622 -0.0160404 
v 0.000744489 -4.0365e-05 -0.0160404 
v 0.000744489 4.0365e-05 -0.0160404 
v 0.000735761 0.000120622 -0.0160404 
v 0.000718406 0.000199465 -0.0160404 
v 0.000692629 0.000275969 -0.0160404 
v 0.000658732 0.000349237 -0.0160404 
v 0.000617111 0.000418412 -0.0160404 
v 0.000568255 0.00048268 -0.0160404 
v 0.000512737 0.00054129 -0.0160404 
v 0.000451208 0.000593553 -0.0160404 
v 0.000384388 0.000638858 -0.0160404 
v 0.000313062 0.000676673 -0.0160404 
v 0.000238066 0.000706554 -0.0160404 
v 0.000160278 0.000728152 -0.0160404 
v 8.06117e-05 0.000741212 -0.0160404 
v 0 0.000538342 -0.0159719 
v -5.8205e-05 0.000535187 -0.0159719 
v -0.000115728 0.000525756 -0.0159719 
v -0.000171894 0.000510162 -0.0159719 
v -0.000226044 0.000488586 -0.0159719 
v -0.000277544 0.000461283 -0.0159719 
v -0.000325791 0.000428571 -0.0159719 
v -0.000370218 0.000390834 -0.0159719 
v -0.000410304 0.000348515 -0.0159719 
v -0.00044558 0.000302111 -0.0159719 
v -0.000475632 0.000252164 -0.0159719 
v -0.000500108 0.000199261 -0.0159719 
v -0.00051872 0.000144022 -0.0159719 
v -0.000531251 8.70941e-05 -0.0159719 
v -0.000537553 2.91453e-05 -0.0159719 
v -0.000537553 -2.91453e-05 -0.0159719 
v -0.000531251 -8.70941e-05 -0.0159719 
v -0.00051872 -0.000144022 -0.0159719 
v -0.000500108 -0.000199261 -0.0159719 
v -0.000475632 -0.000252164 -0.0159719 
v -0.00044558 -0.000302111 -0.0159719 
v -0.000410304 -0.000348515 -0.0159719 
v -0.000370218 -0.000390834 -0.0159719 
v -0.000325791 -0.000428571 -0.0159719 
v -0.000277544 -0.000461283 -0.0159719 
v -0.000226044 -0.000488586 -0.0159719 
v -0.000171894 -0.000510162 -0.0159719 
v -0.000115728 -0.000525756 -0.0159719 
v -5.8205e-05 -0.000535187 -0.0159719 
v 1.12065e-19 -0.000538342 -0.0159719 
v 5.8205e-05 -0.000535187 -0.0159719 
v 0.000115728 -0.000525756 -0.0159719 
v 0.000171894 -0.000510162 -0.0159719 
v 0.000226044 -0.000488586 -0.0159719 
v 0.000277544 -0.000461283 -0.0159719 
v 0.000325791 -0.000428571 -0.0159719 
v 0.000370218 -0.000390834 -0.0159719 
v 0.000410304 -0.000348515 -0.0159719 
v 0.00044558 -0.000302111 -0.0159719 
v 0.000475632 -0.000252164 -0.0159719 
v 0.000500108 -0.000199261 -0.0159719 
v 0.00051872 -0.000144022 -0.0159719 
v 0.000531251 -8.70941e-05 -0.0159719 
v 0.000537553 -2.91453e-05 -0.0159719 
v 0.000537553 2.91453e-05 -0.0159719 
v 0.000531251 8.70941e-05 -0.0159719 
v 0.00051872 0.000144022 -0.0159719 
v 0.000500108 0.000199261 -0.0159719 
v 0.000475632 0.000252164 -0.0159719 
v 0.00044558 0.000302111 -0.0159719 
v 0.000410304 0.000348515 -0.0159719 
v 0.000370218 0.000390834 -0.0159719 
v 0.000325791 0.000428571 -0.0159719 
v 0.000277544 0.000461283 -0.0159719 
v 0.000226044 0.000488586 -0.0159719 
v 0.000171894 0.000510162 -0.0159719 
v 0.000115728 0.000525756 -0.0159719 
v 5.8205e-05 0.000535187 -0.0159719 
v 0 2.00206e-17 -0.02 
vn 0 0 1 
vn 0.108119 0.994138 0 
vn 2.44929e-16 1 0 
vn 0.21497 0.976621 0 
vn 0.108119 0.994138 0 
vn 0.319302 0.947653 0 
vn 0.21497 0.976621 0 
vn 0.419889 0.907575 0 
vn 0.319302 0.947653 0 
vn 0.515554 0.856857 0 
vn 0.419889 0.907575 0 
vn 0.605174 0.796093 0 
vn 0.515554 0.856857 0 
vn 0.687699 0.725995 0 
vn 0.605174 0.796093 0 
vn 0.762162 0.647386 0 
vn 0.687699 0.725995 0 
vn 0.827689 0.561187 0 
vn 0.762162 0.647386 0 
vn 0.883512 0.468408 0 
vn 0.827689 0.561187 0 
vn 0.928977 0.370138 0 
vn 0.883512 0.468408 0 
vn 0.96355 0.267528 0 
vn 0.928977 0.370138 0 
vn 0.986827 0.161782 0 
vn 0.96355 0.267528 0 
vn 0.998533 0.0541389 0 
vn 0.986827 0.161782 0 
vn 0.998533 -0.0541389 0 
vn 0.998533 0.0541389 0 
vn 0.986827 -0.161782 0 
vn 0.998533 -0.0541389 0 
vn 0.96355 -0.267528 0 
vn 0.986827 -0.161782 0 
vn 0.928977 -0.370138 0 
vn 0.96355 -0.267528 0 
vn 0.883512 -0.468408 0 
vn 0.928977 -0.370138 0 
vn 0.827689 -0.561187 0 
vn 0.883512 -0.468408 0 
vn 0.762162 -0.647386 0 
vn 0.827689 -0.561187 0 
vn 0.687699 -0.725995 0 
vn 0.762162 -0.647386 0 
vn 0.605174 -0.796093 0 
vn 0.687699 -0.725995 0 
vn 0.515554 -0.856857 0 
vn 0.605174 -0.796093 0 
vn 0.419889 -0.907575 0 
vn 0.515554 -0.856857 0 
vn 0.319302 -0.947653 0 
vn 0.419889 -0.907575 0 
vn 0.21497 -0.976621 0 
vn 0.319302 -0.947653 0 
vn 0.108119 -0.994138 0 
vn 0.21497 -0.976621 0 
vn -1.22465e-16 -1 0 
vn 0.108119 -0.994138 0 
vn -0.108119 -0.994138 0 
vn -1.22465e-16 -1 0 
vn -0.21497 -0.976621 0 
vn -0.108119 -0.994138 0 
vn -0.319302 -0.947653 0 
vn -0.21497 -0.976621 0 
vn -0.419889 -0.907575 0 
vn -0.319302 -0.947653 0 
vn -0.515554 -0.856857 0 
vn -0.419889 -0.907575 0 
vn -0.605174 -0.796093 0 
vn -0.515554 -0.856857 0 
vn -0.687699 -0.725995 0 
vn -0.605174 -0.796093 0 
vn -0.762162 -0.647386 0 
vn -0.687699 -0.725995 0 
vn -0.827689 -0.561187 0 
vn -0.762162 -0.647386 0 
vn -0.883512 -0.468408 0 
vn -0.827689 -0.561187 0 
vn -0.928977 -0.370138 0 
vn -0.883512 -0.468408 0 
vn -0.96355 -0.267528 0 
vn -0.928977 -0.370138 0 
vn -0.986827 -0.161782 0 
vn -0.96355 -0.267528 0 
vn -0.998533 -0.0541389 0 
vn -0.986827 -0.161782 0 
vn -0.998533 0.0541389 0 
vn -0.998533 -0.0541389 0 
vn -0.986827 0.161782 0 
vn -0.998533 0.0541389 0 
vn -0.96355 0.267528 0 
vn -0.986827 0.161782 0 
vn -0.928977 0.370138 0 
vn -0.96355 0.267528 0 
vn -0.883512 0.468408 0 
vn -0.928977 0.370138 0 
vn -0.827689 0.561187 0 
vn -0.883512 0.468408 0 
vn -0.762162 0.647386 0 
vn -0.827689 0.561187 0 
vn -0.687699 0.725995 0 
vn -0.762162 0.647386 0 
vn -0.605174 0.796093 0 
vn -0.687699 0.725995 0 
vn -0.515554 0.856857 0 
vn -0.605174 0.796093 0 
vn -0.419889 0.907575 0 
vn -0.515554 0.856857 0 
vn -0.319302 0.947653 0 
vn -0.419889 0.907575 0 
vn -0.21497 0.976621 0 
vn -0.319302 0.947653 0 
vn -0.108119 0.994138 0 
vn -0.21497 0.976621 0 
vn 0 0.21142 -0.977395 
vn 0 0.106312 -0.994333 
vn -0.0114944 0.105689 -0.994333 
vn -0.0228585 0.210181 -0.977395 
vn -0.022854 0.103827 -0.994333 
vn -0.045449 0.206477 -0.977395 
vn -0.0339457 0.100747 -0.994333 
vn -0.0675067 0.200353 -0.977395 
vn -0.0446394 0.0964866 -0.994333 
vn -0.0887729 0.191879 -0.977395 
vn -0.0548098 0.0910946 -0.994333 
vn -0.108998 0.181157 -0.977395 
vn -0.0643375 0.0846346 -0.994333 
vn -0.127946 0.16831 -0.977395 
vn -0.073111 0.0771824 -0.994333 
vn -0.145393 0.15349 -0.977395 
vn -0.0810273 0.0688252 -0.994333 
vn -0.161136 0.13687 -0.977395 
vn -0.0879936 0.0596612 -0.994333 
vn -0.17499 0.118646 -0.977395 
vn -0.0939283 0.0497976 -0.994333 
vn -0.186792 0.0990309 -0.977395 
vn -0.0987618 0.0393503 -0.994333 
vn -0.196404 0.0782546 -0.977395 
vn -0.102437 0.0284416 -0.994333 
vn -0.203714 0.0565608 -0.977395 
vn -0.104912 0.0171994 -0.994333 
vn -0.208635 0.0342039 -0.977395 
vn -0.106157 0.00575564 -0.994333 
vn -0.21111 0.011446 -0.977395 
vn -0.106157 -0.00575564 -0.994333 
vn -0.21111 -0.011446 -0.977395 
vn -0.104912 -0.0171994 -0.994333 
vn -0.208635 -0.0342039 -0.977395 
vn -0.102437 -0.0284416 -0.994333 
vn -0.203714 -0.0565608 -0.977395 
vn -0.0987618 -0.0393503 -0.994333 
vn -0.196404 -0.0782546 -0.977395 
vn -0.0939283 -0.0497976 -0.994333 
vn -0.186792 -0.0990309 -0.977395 
vn -0.0879936 -0.0596612 -0.994333 
vn -0.17499 -0.118646 -0.977395 
vn -0.0810273 -0.0688252 -0.994333 
vn -0.161136 -0.13687 -0.977395 
vn -0.073111 -0.0771824 -0.994333 
vn -0.145393 -0.15349 -0.977395 
vn -0.0643375 -0.0846346 -0.994333 
vn -0.127946 -0.16831 -0.977395 
vn -0.0548098 -0.0910946 -0.994333 
vn -0.108998 -0.181157 -0.977395 
vn -0.0446394 -0.0964866 -0.994333 
vn -0.0887729 -0.191879 -0.977395 
vn -0.0339457 -0.100747 -0.994333 
vn -0.0675067 -0.200353 -0.977395 
vn -0.022854 -0.103827 -0.994333 
vn -0.045449 -0.206477 -0.977395 
vn -0.0114944 -0.105689 -0.994333 
vn -0.0228585 -0.210181 -0.977395 
vn 2.21307e-17 -0.106312 -0.994333 
vn 4.40106e-17 -0.21142 -0.977395 
vn 0.0114944 -0.105689 -0.994333 
vn 0.0228585 -0.210181 -0.977395 
vn 0.022854 -0.103827 -0.994333 
vn 0.045449 -0.206477 -0.977395 
vn 0.0339457 -0.100747 -0.994333 
vn 0.0675067 -0.200353 -0.977395 
vn 0.0446394 -0.0964866 -0.994333 
vn 0.0887729 -0.191879 -0.977395 
vn 0.0548098 -0.0910946 -0.994333 
vn 0.108998 -0.181157 -0.977395 
vn 0.0643375 -0.0846346 -0.994333 
vn 0.127946 -0.16831 -0.977395 
vn 0.073111 -0.0771824 -0.994333 
vn 0.145393 -0.15349 -0.977395 
vn 0.0810273 -0.0688252 -0.994333 
vn 0.161136 -0.13687 -0.977395 
vn 0.0879936 -0.0596612 -0.994333 
vn 0.17499 -0.118646 -0.977395 
vn 0.0939283 -0.0497976 -0.994333 
vn 0.186792 -0.0990309 -0.977395 
vn 0.0987618 -0.0393503 -0.994333 
vn 0.196404 -0.0782546 -0.977395 
vn 0.102437 -0.0284416 -0.994333 
vn 0.203714 -0.0565608 -0.977395 
vn 0.104912 -0.0171994 -0.994333 
vn 0.208635 -0.0342039 -0.977395 
vn 0.106157 -0.00575564 -0.994333 
vn 0.21111 -0.011446 -0.977395 
vn 0.106157 0.00575564 -0.994333 
vn 0.21111 0.011446 -0.977395 
vn 0.104912 0.0171994 -0.994333 
vn 0.208635 0.0342039 -0.977395 
vn 0.102437 0.0284416 -0.994333 
vn 0.203714 0.0565608 -0.977395 
vn 0.0987618 0.0393503 -0.994333 
vn 0.196404 0.0782546 -0.977395 
vn 0.0939283 0.0497976 -0.994333 
vn 0.186792 0.0990309 -0.977395 
vn 0.0879936 0.0596612 -0.994333 
vn 0.17499 0.118646 -0.977395 
vn 0.0810273 0.0688252 -0.994333 
vn 0.161136 0.13687 -0.977395 
vn 0.073111 0.0771824 -0.994333 
vn 0.145393 0.15349 -0.977395 
vn 0.0643375 0.0846346 -0.994333 
vn 0.127946 0.16831 -0.977395 
vn 0.0548098 0.0910946 -0.994333 
vn 0.108998 0.181157 -0.977395 
vn 0.0446394 0.0964866 -0.994333 
vn 0.0887729 0.191879 -0.977395 
vn 0.0339457 0.100747 -0.994333 
vn 0.0675067 0.200353 -0.977395 
vn 0.022854 0.103827 -0.994333 
vn 0.045449 0.206477 -0.977395 
vn 0.0114944 0.105689 -0.994333 
vn 0.0228585 0.210181 -0.977395 
vn 0 0.314131 -0.94938 
vn -0.0339635 0.31229 -0.94938 
vn -0.0675289 0.306787 -0.94938 
vn -0.100303 0.297687 -0.94938 
vn -0.1319 0.285098 -0.94938 
vn -0.161951 0.269165 -0.94938 
vn -0.190104 0.250078 -0.94938 
vn -0.216028 0.228058 -0.94938 
vn -0.239419 0.203364 -0.94938 
vn -0.260003 0.176286 -0.94938 
vn -0.277539 0.147142 -0.94938 
vn -0.29182 0.116272 -0.94938 
vn -0.302681 0.0840389 -0.94938 
vn -0.309993 0.0508207 -0.94938 
vn -0.31367 0.0170067 -0.94938 
vn -0.31367 -0.0170067 -0.94938 
vn -0.309993 -0.0508207 -0.94938 
vn -0.302681 -0.0840389 -0.94938 
vn -0.29182 -0.116272 -0.94938 
vn -0.277539 -0.147142 -0.94938 
vn -0.260003 -0.176286 -0.94938 
vn -0.239419 -0.203364 -0.94938 
vn -0.216028 -0.228058 -0.94938 
vn -0.190104 -0.250078 -0.94938 
vn -0.161951 -0.269165 -0.94938 
vn -0.1319 -0.285098 -0.94938 
vn -0.100303 -0.297687 -0.94938 
vn -0.0675289 -0.306787 -0.94938 
vn -0.0339635 -0.31229 -0.94938 
vn 6.53917e-17 -0.314131 -0.94938 
vn 0.0339635 -0.31229 -0.94938 
vn 0.0675289 -0.306787 -0.94938 
vn 0.100303 -0.297687 -0.94938 
vn 0.1319 -0.285098 -0.94938 
vn 0.161951 -0.269165 -0.94938 
vn 0.190104 -0.250078 -0.94938 
vn 0.216028 -0.228058 -0.94938 
vn 0.239419 -0.203364 -0.94938 
vn 0.260003 -0.176286 -0.94938 
vn 0.277539 -0.147142 -0.94938 
vn 0.29182 -0.116272 -0.94938 
vn 0.302681 -0.0840389 -0.94938 
vn 0.309993 -0.0508207 -0.94938 
vn 0.31367 -0.0170067 -0.94938 
vn 0.31367 0.0170067 -0.94938 
vn 0.309993 0.0508207 -0.94938 
vn 0.302681 0.0840389 -0.94938 
vn 0.29182 0.116272 -0.94938 
vn 0.277539 0.147142 -0.94938 
vn 0.260003 0.176286 -0.94938 
vn 0.239419 0.203364 -0.94938 
vn 0.216028 0.228058 -0.94938 
vn 0.190104 0.250078 -0.94938 
vn 0.161951 0.269165 -0.94938 
vn 0.1319 0.285098 -0.94938 
vn 0.100303 0.297687 -0.94938 
vn 0.0675289 0.306787 -0.94938 
vn 0.0339635 0.31229 -0.94938 
vn 0 0.413282 -0.910603 
vn -0.0446836 0.410859 -0.910603 
vn -0.0888433 0.403619 -0.910603 
vn -0.131961 0.391648 -0.910603 
vn -0.173532 0.375084 -0.910603 
vn -0.213069 0.354123 -0.910603 
vn -0.250107 0.329011 -0.910603 
vn -0.284214 0.300041 -0.910603 
vn -0.314988 0.267553 -0.910603 
vn -0.342069 0.231928 -0.910603 
vn -0.365139 0.193585 -0.910603 
vn -0.383929 0.152971 -0.910603 
vn -0.398217 0.110565 -0.910603 
vn -0.407837 0.0668615 -0.910603 
vn -0.412675 0.0223746 -0.910603 
vn -0.412675 -0.0223746 -0.910603 
vn -0.407837 -0.0668615 -0.910603 
vn -0.398217 -0.110565 -0.910603 
vn -0.383929 -0.152971 -0.910603 
vn -0.365139 -0.193585 -0.910603 
vn -0.342069 -0.231928 -0.910603 
vn -0.314988 -0.267553 -0.910603 
vn -0.284214 -0.300041 -0.910603 
vn -0.250107 -0.329011 -0.910603 
vn -0.213069 -0.354123 -0.910603 
vn -0.173532 -0.375084 -0.910603 
vn -0.131961 -0.391648 -0.910603 
vn -0.0888433 -0.403619 -0.910603 
vn -0.0446836 -0.410859 -0.910603 
vn 8.60315e-17 -0.413282 -0.910603 
vn 0.0446836 -0.410859 -0.910603 
vn 0.0888433 -0.403619 -0.910603 
vn 0.131961 -0.391648 -0.910603 
vn 0.173532 -0.375084 -0.910603 
vn 0.213069 -0.354123 -0.910603 
vn 0.250107 -0.329011 -0.910603 
vn 0.284214 -0.300041 -0.910603 
vn 0.314988 -0.267553 -0.910603 
vn 0.342069 -0.231928 -0.910603 
vn 0.365139 -0.193585 -0.910603 
vn 0.383929 -0.152971 -0.910603 
vn 0.398217 -0.110565 -0.910603 
vn 0.407837 -0.0668615 -0.910603 
vn 0.412675 -0.0223746 -0.910603 
vn 0.412675 0.0223746 -0.910603 
vn 0.407837 0.0668615 -0.910603 
vn 0.398217 0.110565 -0.910603 
vn 0.383929 0.152971 -0.910603 
vn 0.365139 0.193585 -0.910603 
vn 0.342069 0.231928 -0.910603 
vn 0.314988 0.267553 -0.910603 
vn 0.284214 0.300041 -0.910603 
vn 0.250107 0.329011 -0.910603 
vn 0.213069 0.354123 -0.910603 
vn 0.173532 0.375084 -0.910603 
vn 0.131961 0.391648 -0.910603 
vn 0.0888433 0.403619 -0.910603 
vn 0.0446836 0.410859 -0.910603 
vn 0 0.507748 -0.861506 
vn -0.0548972 0.504771 -0.861506 
vn -0.109151 0.495877 -0.861506 
vn -0.162125 0.481169 -0.861506 
vn -0.213198 0.46082 -0.861506 
vn -0.261771 0.435067 -0.861506 
vn -0.307276 0.404215 -0.861506 
vn -0.349178 0.368623 -0.861506 
vn -0.386986 0.328709 -0.861506 
vn -0.420257 0.284942 -0.861506 
vn -0.448601 0.237833 -0.861506 
vn -0.471686 0.187937 -0.861506 
vn -0.48924 0.135837 -0.861506 
vn -0.501059 0.0821445 -0.861506 
vn -0.507003 0.0274889 -0.861506 
vn -0.507003 -0.0274889 -0.861506 
vn -0.501059 -0.0821445 -0.861506 
vn -0.48924 -0.135837 -0.861506 
vn -0.471686 -0.187937 -0.861506 
vn -0.448601 -0.237833 -0.861506 
vn -0.420257 -0.284942 -0.861506 
vn -0.386986 -0.328709 -0.861506 
vn -0.349178 -0.368623 -0.861506 
vn -0.307276 -0.404215 -0.861506 
vn -0.261771 -0.435067 -0.861506 
vn -0.213198 -0.46082 -0.861506 
vn -0.162125 -0.481169 -0.861506 
vn -0.109151 -0.495877 -0.861506 
vn -0.0548972 -0.504771 -0.861506 
vn 1.05696e-16 -0.507748 -0.861506 
vn 0.0548972 -0.504771 -0.861506 
vn 0.109151 -0.495877 -0.861506 
vn 0.162125 -0.481169 -0.861506 
vn 0.213198 -0.46082 -0.861506 
vn 0.261771 -0.435067 -0.861506 
vn 0.307276 -0.404215 -0.861506 
vn 0.349178 -0.368623 -0.861506 
vn 0.386986 -0.328709 -0.861506 
vn 0.420257 -0.284942 -0.861506 
vn 0.448601 -0.237833 -0.861506 
vn 0.471686 -0.187937 -0.861506 
vn 0.48924 -0.135837 -0.861506 
vn 0.501059 -0.0821445 -0.861506 
vn 0.507003 -0.0274889 -0.861506 
vn 0.507003 0.0274889 -0.861506 
vn 0.501059 0.0821445 -0.861506 
vn 0.48924 0.135837 -0.861506 
vn 0.471686 0.187937 -0.861506 
vn 0.448601 0.237833 -0.861506 
vn 0.420257 0.284942 -0.861506 
vn 0.386986 0.328709 -0.861506 
vn 0.349178 0.368623 -0.861506 
vn 0.307276 0.404215 -0.861506 
vn 0.261771 0.435067 -0.861506 
vn 0.213198 0.46082 -0.861506 
vn 0.162125 0.481169 -0.861506 
vn 0.109151 0.495877 -0.861506 
vn 0.0548972 0.504771 -0.861506 
vn 0 0.596459 -0.802643 
vn -0.0644886 0.592963 -0.802643 
vn -0.128221 0.582514 -0.802643 
vn -0.19045 0.565236 -0.802643 
vn -0.250447 0.541332 -0.802643 
vn -0.307507 0.51108 -0.802643 
vn -0.360962 0.474837 -0.802643 
vn -0.410185 0.433027 -0.802643 
vn -0.454599 0.386139 -0.802643 
vn -0.493683 0.334725 -0.802643 
vn -0.526979 0.279387 -0.802643 
vn -0.554097 0.220772 -0.802643 
vn -0.574718 0.15957 -0.802643 
vn -0.588602 0.0964964 -0.802643 
vn -0.595584 0.0322916 -0.802643 
vn -0.595584 -0.0322916 -0.802643 
vn -0.588602 -0.0964964 -0.802643 
vn -0.574718 -0.15957 -0.802643 
vn -0.554097 -0.220772 -0.802643 
vn -0.526979 -0.279387 -0.802643 
vn -0.493683 -0.334725 -0.802643 
vn -0.454599 -0.386139 -0.802643 
vn -0.410185 -0.433027 -0.802643 
vn -0.360962 -0.474837 -0.802643 
vn -0.307507 -0.51108 -0.802643 
vn -0.250447 -0.541332 -0.802643 
vn -0.19045 -0.565236 -0.802643 
vn -0.128221 -0.582514 -0.802643 
vn -0.0644886 -0.592963 -0.802643 
vn 1.24163e-16 -0.596459 -0.802643 
vn 0.0644886 -0.592963 -0.802643 
vn 0.128221 -0.582514 -0.802643 
vn 0.19045 -0.565236 -0.802643 
vn 0.250447 -0.541332 -0.802643 
vn 0.307507 -0.51108 -0.802643 
vn 0.360962 -0.474837 -0.802643 
vn 0.410185 -0.433027 -0.802643 
vn 0.454599 -0.386139 -0.802643 
vn 0.493683 -0.334725 -0.802643 
vn 0.526979 -0.279387 -0.802643 
vn 0.554097 -0.220772 -0.802643 
vn 0.574718 -0.15957 -0.802643 
vn 0.588602 -0.0964964 -0.802643 
vn 0.595584 -0.0322916 -0.802643 
vn 0.595584 0.0322916 -0.802643 
vn 0.588602 0.0964964 -0.802643 
vn 0.574718 0.15957 -0.802643 
vn 0.554097 0.220772 -0.802643 
vn 0.526979 0.279387 -0.802643 
vn 0.493683 0.334725 -0.802643 
vn 0.454599 0.386139 -0.802643 
vn 0.410185 0.433027 -0.802643 
vn 0.360962 0.474837 -0.802643 
vn 0.307507 0.51108 -0.802643 
vn 0.250447 0.541332 -0.802643 
vn 0.19045 0.565236 -0.802643 
vn 0.128221 0.582514 -0.802643 
vn 0.0644886 0.592963 -0.802643 
vn 0 0.67841 -0.734684 
vn -0.073349 0.674433 -0.734684 
vn -0.145838 0.662549 -0.734684 
vn -0.216617 0.642897 -0.734684 
vn -0.284857 0.615708 -0.734684 
vn -0.349757 0.5813 -0.734684 
vn -0.410556 0.540077 -0.734684 
vn -0.466542 0.492523 -0.734684 
vn -0.517058 0.439193 -0.734684 
vn -0.561512 0.380715 -0.734684 
vn -0.599383 0.317773 -0.734684 
vn -0.630227 0.251105 -0.734684 
vn -0.653682 0.181494 -0.734684 
vn -0.669473 0.109755 -0.734684 
vn -0.677415 0.0367284 -0.734684 
vn -0.677415 -0.0367284 -0.734684 
vn -0.669473 -0.109755 -0.734684 
vn -0.653682 -0.181494 -0.734684 
vn -0.630227 -0.251105 -0.734684 
vn -0.599383 -0.317773 -0.734684 
vn -0.561512 -0.380715 -0.734684 
vn -0.517058 -0.439193 -0.734684 
vn -0.466542 -0.492523 -0.734684 
vn -0.410556 -0.540077 -0.734684 
vn -0.349757 -0.5813 -0.734684 
vn -0.284857 -0.615708 -0.734684 
vn -0.216617 -0.642897 -0.734684 
vn -0.145838 -0.662549 -0.734684 
vn -0.073349 -0.674433 -0.734684 
vn 1.41222e-16 -0.67841 -0.734684 
vn 0.073349 -0.674433 -0.734684 
vn 0.145838 -0.662549 -0.734684 
vn 0.216617 -0.642897 -0.734684 
vn 0.284857 -0.615708 -0.734684 
vn 0.349757 -0.5813 -0.734684 
vn 0.410556 -0.540077 -0.734684 
vn 0.466542 -0.492523 -0.734684 
vn 0.517058 -0.439193 -0.734684 
vn 0.561512 -0.380715 -0.734684 
vn 0.599383 -0.317773 -0.734684 
vn 0.630227 -0.251105 -0.734684 
vn 0.653682 -0.181494 -0.734684 
vn 0.669473 -0.109755 -0.734684 
vn 0.677415 -0.0367284 -0.734684 
vn 0.677415 0.0367284 -0.734684 
vn 0.669473 0.109755 -0.734684 
vn 0.653682 0.181494 -0.734684 
vn 0.630227 0.251105 -0.734684 
vn 0.599383 0.317773 -0.734684 
vn 0.561512 0.380715 -0.734684 
vn 0.517058 0.439193 -0.734684 
vn 0.466542 0.492523 -0.734684 
vn 0.410556 0.540077 -0.734684 
vn 0.349757 0.5813 -0.734684 
vn 0.284857 0.615708 -0.734684 
vn 0.216617 0.642897 -0.734684 
vn 0.145838 0.662549 -0.734684 
vn 0.073349 0.674433 -0.734684 
vn 0 0.752671 -0.658397 
vn -0.0813781 0.748259 -0.658397 
vn -0.161802 0.735074 -0.658397 
vn -0.240329 0.713271 -0.658397 
vn -0.316038 0.683106 -0.658397 
vn -0.388043 0.644932 -0.658397 
vn -0.455497 0.599196 -0.658397 
vn -0.517612 0.546436 -0.658397 
vn -0.573657 0.487269 -0.658397 
vn -0.622978 0.422389 -0.658397 
vn -0.664994 0.352558 -0.658397 
vn -0.699214 0.278592 -0.658397 
vn -0.725236 0.201361 -0.658397 
vn -0.742756 0.121769 -0.658397 
vn -0.751567 0.0407488 -0.658397 
vn -0.751567 -0.0407488 -0.658397 
vn -0.742756 -0.121769 -0.658397 
vn -0.725236 -0.201361 -0.658397 
vn -0.699214 -0.278592 -0.658397 
vn -0.664994 -0.352558 -0.658397 
vn -0.622978 -0.422389 -0.658397 
vn -0.573657 -0.487269 -0.658397 
vn -0.517612 -0.546436 -0.658397 
vn -0.455497 -0.599196 -0.658397 
vn -0.388043 -0.644932 -0.658397 
vn -0.316038 -0.683106 -0.658397 
vn -0.240329 -0.713271 -0.658397 
vn -0.161802 -0.735074 -0.658397 
vn -0.0813781 -0.748259 -0.658397 
vn 1.56681e-16 -0.752671 -0.658397 
vn 0.0813781 -0.748259 -0.658397 
vn 0.161802 -0.735074 -0.658397 
vn 0.240329 -0.713271 -0.658397 
vn 0.316038 -0.683106 -0.658397 
vn 0.388043 -0.644932 -0.658397 
vn 0.455497 -0.599196 -0.658397 
vn 0.517612 -0.546436 -0.658397 
vn 0.573657 -0.487269 -0.658397 
vn 0.622978 -0.422389 -0.658397 
vn 0.664994 -0.352558 -0.658397 
vn 0.699214 -0.278592 -0.658397 
vn 0.725236 -0.201361 -0.658397 
vn 0.742756 -0.121769 -0.658397 
vn 0.751567 -0.0407488 -0.658397 
vn 0.751567 0.0407488 -0.658397 
vn 0.742756 0.121769 -0.658397 
vn 0.725236 0.201361 -0.658397 
vn 0.699214 0.278592 -0.658397 
vn 0.664994 0.352558 -0.658397 
vn 0.622978 0.422389 -0.658397 
vn 0.573657 0.487269 -0.658397 
vn 0.517612 0.546436 -0.658397 
vn 0.455497 0.599196 -0.658397 
vn 0.388043 0.644932 -0.658397 
vn 0.316038 0.683106 -0.658397 
vn 0.240329 0.713271 -0.658397 
vn 0.161802 0.735074 -0.658397 
vn 0.0813781 0.748259 -0.658397 
vn 0 0.818401 -0.574647 
vn -0.0884848 0.813604 -0.574647 
vn -0.175932 0.799268 -0.574647 
vn -0.261317 0.775561 -0.574647 
vn -0.343638 0.742761 -0.574647 
vn -0.42193 0.701253 -0.574647 
vn -0.495275 0.651524 -0.574647 
vn -0.562814 0.594156 -0.574647 
vn -0.623754 0.529822 -0.574647 
vn -0.677382 0.459276 -0.574647 
vn -0.723067 0.383346 -0.574647 
vn -0.760276 0.302922 -0.574647 
vn -0.788571 0.218946 -0.574647 
vn -0.80762 0.132403 -0.574647 
vn -0.817201 0.0443074 -0.574647 
vn -0.817201 -0.0443074 -0.574647 
vn -0.80762 -0.132403 -0.574647 
vn -0.788571 -0.218946 -0.574647 
vn -0.760276 -0.302922 -0.574647 
vn -0.723067 -0.383346 -0.574647 
vn -0.677382 -0.459276 -0.574647 
vn -0.623754 -0.529822 -0.574647 
vn -0.562814 -0.594156 -0.574647 
vn -0.495275 -0.651524 -0.574647 
vn -0.42193 -0.701253 -0.574647 
vn -0.343638 -0.742761 -0.574647 
vn -0.261317 -0.775561 -0.574647 
vn -0.175932 -0.799268 -0.574647 
vn -0.0884848 -0.813604 -0.574647 
vn 1.70364e-16 -0.818401 -0.574647 
vn 0.0884848 -0.813604 -0.574647 
vn 0.175932 -0.799268 -0.574647 
vn 0.261317 -0.775561 -0.574647 
vn 0.343638 -0.742761 -0.574647 
vn 0.42193 -0.701253 -0.574647 
vn 0.495275 -0.651524 -0.574647 
vn 0.562814 -0.594156 -0.574647 
vn 0.623754 -0.529822 -0.574647 
vn 0.677382 -0.459276 -0.574647 
vn 0.723067 -0.383346 -0.574647 
vn 0.760276 -0.302922 -0.574647 
vn 0.788571 -0.218946 -0.574647 
vn 0.80762 -0.132403 -0.574647 
vn 0.817201 -0.0443074 -0.574647 
vn 0.817201 0.0443074 -0.574647 
vn 0.80762 0.132403 -0.574647 
vn 0.788571 0.218946 -0.574647 
vn 0.760276 0.302922 -0.574647 
vn 0.723067 0.383346 -0.574647 
vn 0.677382 0.459276 -0.574647 
vn 0.623754 0.529822 -0.574647 
vn 0.562814 0.594156 -0.574647 
vn 0.495275 0.651524 -0.574647 
vn 0.42193 0.701253 -0.574647 
vn 0.343638 0.742761 -0.574647 
vn 0.261317 0.775561 -0.574647 
vn 0.175932 0.799268 -0.574647 
vn 0.0884848 0.813604 -0.574647 
vn 0 0.874855 -0.484384 
vn -0.0945885 0.869727 -0.484384 
vn -0.188068 0.854402 -0.484384 
vn -0.279343 0.82906 -0.484384 
vn -0.367342 0.793997 -0.484384 
vn -0.451035 0.749626 -0.484384 
vn -0.52944 0.696466 -0.484384 
vn -0.601638 0.635141 -0.484384 
vn -0.666782 0.566369 -0.484384 
vn -0.724108 0.490958 -0.484384 
vn -0.772945 0.40979 -0.484384 
vn -0.81272 0.323817 -0.484384 
vn -0.842967 0.234049 -0.484384 
vn -0.863331 0.141536 -0.484384 
vn -0.873572 0.0473637 -0.484384 
vn -0.873572 -0.0473637 -0.484384 
vn -0.863331 -0.141536 -0.484384 
vn -0.842967 -0.234049 -0.484384 
vn -0.81272 -0.323817 -0.484384 
vn -0.772945 -0.40979 -0.484384 
vn -0.724108 -0.490958 -0.484384 
vn -0.666782 -0.566369 -0.484384 
vn -0.601638 -0.635141 -0.484384 
vn -0.52944 -0.696466 -0.484384 
vn -0.451035 -0.749626 -0.484384 
vn -0.367342 -0.793997 -0.484384 
vn -0.279343 -0.82906 -0.484384 
vn -0.188068 -0.854402 -0.484384 
vn -0.0945885 -0.869727 -0.484384 
vn 1.82116e-16 -0.874855 -0.484384 
vn 0.0945885 -0.869727 -0.484384 
vn 0.188068 -0.854402 -0.484384 
vn 0.279343 -0.82906 -0.484384 
vn 0.367342 -0.793997 -0.484384 
vn 0.451035 -0.749626 -0.484384 
vn 0.52944 -0.696466 -0.484384 
vn 0.601638 -0.635141 -0.484384 
vn 0.666782 -0.566369 -0.484384 
vn 0.724108 -0.490958 -0.484384 
vn 0.772945 -0.40979 -0.484384 
vn 0.81272 -0.323817 -0.484384 
vn 0.842967 -0.234049 -0.484384 
vn 0.863331 -0.141536 -0.484384 
vn 0.873572 -0.0473637 -0.484384 
vn 0.873572 0.0473637 -0.484384 
vn 0.863331 0.141536 -0.484384 
vn 0.842967 0.234049 -0.484384 
vn 0.81272 0.323817 -0.484384 
vn 0.772945 0.40979 -0.484384 
vn 0.724108 0.490958 -0.484384 
vn 0.666782 0.566369 -0.484384 
vn 0.601638 0.635141 -0.484384 
vn 0.52944 0.696466 -0.484384 
vn 0.451035 0.749626 -0.484384 
vn 0.367342 0.793997 -0.484384 
vn 0.279343 0.82906 -0.484384 
vn 0.188068 0.854402 -0.484384 
vn 0.0945885 0.869727 -0.484384 
vn 0 0.921393 -0.388631 
vn -0.0996202 0.915992 -0.388631 
vn -0.198072 0.899852 -0.388631 
vn -0.294202 0.873161 -0.388631 
vn -0.386883 0.836234 -0.388631 
vn -0.475028 0.789503 -0.388631 
vn -0.557604 0.733515 -0.388631 
vn -0.633642 0.668928 -0.388631 
vn -0.702251 0.596498 -0.388631 
vn -0.762627 0.517074 -0.388631 
vn -0.814062 0.431588 -0.388631 
vn -0.855953 0.341043 -0.388631 
vn -0.887809 0.246499 -0.388631 
vn -0.909256 0.149065 -0.388631 
vn -0.920042 0.0498832 -0.388631 
vn -0.920042 -0.0498832 -0.388631 
vn -0.909256 -0.149065 -0.388631 
vn -0.887809 -0.246499 -0.388631 
vn -0.855953 -0.341043 -0.388631 
vn -0.814062 -0.431588 -0.388631 
vn -0.762627 -0.517074 -0.388631 
vn -0.702251 -0.596498 -0.388631 
vn -0.633642 -0.668928 -0.388631 
vn -0.557604 -0.733515 -0.388631 
vn -0.475028 -0.789503 -0.388631 
vn -0.386883 -0.836234 -0.388631 
vn -0.294202 -0.873161 -0.388631 
vn -0.198072 -0.899852 -0.388631 
vn -0.0996202 -0.915992 -0.388631 
vn 1.91804e-16 -0.921393 -0.388631 
vn 0.0996202 -0.915992 -0.388631 
vn 0.198072 -0.899852 -0.388631 
vn 0.294202 -0.873161 -0.388631 
vn 0.386883 -0.836234 -0.388631 
vn 0.475028 -0.789503 -0.388631 
vn 0.557604 -0.733515 -0.388631 
vn 0.633642 -0.668928 -0.388631 
vn 0.702251 -0.596498 -0.388631 
vn 0.762627 -0.517074 -0.388631 
vn 0.814062 -0.431588 -0.388631 
vn 0.855953 -0.341043 -0.388631 
vn 0.887809 -0.246499 -0.388631 
vn 0.909256 -0.149065 -0.388631 
vn 0.920042 -0.0498832 -0.388631 
vn 0.920042 0.0498832 -0.388631 
vn 0.909256 0.149065 -0.388631 
vn 0.887809 0.246499 -0.388631 
vn 0.855953 0.341043 -0.388631 
vn 0.814062 0.431588 -0.388631 
vn 0.762627 0.517074 -0.388631 
vn 0.702251 0.596498 -0.388631 
vn 0.633642 0.668928 -0.388631 
vn 0.557604 0.733515 -0.388631 
vn 0.475028 0.789503 -0.388631 
vn 0.386883 0.836234 -0.388631 
vn 0.294202 0.873161 -0.388631 
vn 0.198072 0.899852 -0.388631 
vn 0.0996202 0.915992 -0.388631 
vn 0 0.957488 -0.288473 
vn -0.103523 0.951875 -0.288473 
vn -0.205832 0.935103 -0.288473 
vn -0.305727 0.907367 -0.288473 
vn -0.402039 0.868993 -0.288473 
vn -0.493637 0.820431 -0.288473 
vn -0.579447 0.76225 -0.288473 
vn -0.658464 0.695132 -0.288473 
vn -0.729761 0.619865 -0.288473 
vn -0.792502 0.53733 -0.288473 
vn -0.845952 0.448495 -0.288473 
vn -0.889484 0.354403 -0.288473 
vn -0.922588 0.256155 -0.288473 
vn -0.944875 0.154904 -0.288473 
vn -0.956084 0.0518374 -0.288473 
vn -0.956084 -0.0518374 -0.288473 
vn -0.944875 -0.154904 -0.288473 
vn -0.922588 -0.256155 -0.288473 
vn -0.889484 -0.354403 -0.288473 
vn -0.845952 -0.448495 -0.288473 
vn -0.792502 -0.53733 -0.288473 
vn -0.729761 -0.619865 -0.288473 
vn -0.658464 -0.695132 -0.288473 
vn -0.579447 -0.76225 -0.288473 
vn -0.493637 -0.820431 -0.288473 
vn -0.402039 -0.868993 -0.288473 
vn -0.305727 -0.907367 -0.288473 
vn -0.205832 -0.935103 -0.288473 
vn -0.103523 -0.951875 -0.288473 
vn 1.99317e-16 -0.957488 -0.288473 
vn 0.103523 -0.951875 -0.288473 
vn 0.205832 -0.935103 -0.288473 
vn 0.305727 -0.907367 -0.288473 
vn 0.402039 -0.868993 -0.288473 
vn 0.493637 -0.820431 -0.288473 
vn 0.579447 -0.76225 -0.288473 
vn 0.658464 -0.695132 -0.288473 
vn 0.729761 -0.619865 -0.288473 
vn 0.792502 -0.53733 -0.288473 
vn 0.845952 -0.448495 -0.288473 
vn 0.889484 -0.354403 -0.288473 
vn 0.922588 -0.256155 -0.288473 
vn 0.944875 -0.154904 -0.288473 
vn 0.956084 -0.0518374 -0.288473 
vn 0.956084 0.0518374 -0.288473 
vn 0.944875 0.154904 -0.288473 
vn 0.922588 0.256155 -0.288473 
vn 0.889484 0.354403 -0.288473 
vn 0.845952 0.448495 -0.288473 
vn 0.792502 0.53733 -0.288473 
vn 0.729761 0.619865 -0.288473 
vn 0.658464 0.695132 -0.288473 
vn 0.579447 0.76225 -0.288473 
vn 0.493637 0.820431 -0.288473 
vn 0.402039 0.868993 -0.288473 
vn 0.305727 0.907367 -0.288473 
vn 0.205832 0.935103 -0.288473 
vn 0.103523 0.951875 -0.288473 
vn 0 0.98273 -0.185045 
vn -0.106252 0.976969 -0.185045 
vn -0.211258 0.959754 -0.185045 
vn -0.313787 0.931287 -0.185045 
vn -0.412638 0.891902 -0.185045 
vn -0.50665 0.842059 -0.185045 
vn -0.594723 0.782345 -0.185045 
vn -0.675823 0.713458 -0.185045 
vn -0.749 0.636206 -0.185045 
vn -0.813395 0.551495 -0.185045 
vn -0.868254 0.460319 -0.185045 
vn -0.912933 0.363746 -0.185045 
vn -0.946909 0.262908 -0.185045 
vn -0.969784 0.158988 -0.185045 
vn -0.981289 0.0532039 -0.185045 
vn -0.981289 -0.0532039 -0.185045 
vn -0.969784 -0.158988 -0.185045 
vn -0.946909 -0.262908 -0.185045 
vn -0.912933 -0.363746 -0.185045 
vn -0.868254 -0.460319 -0.185045 
vn -0.813395 -0.551495 -0.185045 
vn -0.749 -0.636206 -0.185045 
vn -0.675823 -0.713458 -0.185045 
vn -0.594723 -0.782345 -0.185045 
vn -0.50665 -0.842059 -0.185045 
vn -0.412638 -0.891902 -0.185045 
vn -0.313787 -0.931287 -0.185045 
vn -0.211258 -0.959754 -0.185045 
vn -0.106252 -0.976969 -0.185045 
vn 2.04572e-16 -0.98273 -0.185045 
vn 0.106252 -0.976969 -0.185045 
vn 0.211258 -0.959754 -0.185045 
vn 0.313787 -0.931287 -0.185045 
vn 0.412638 -0.891902 -0.185045 
vn 0.50665 -0.842059 -0.185045 
vn 0.594723 -0.782345 -0.185045 
vn 0.675823 -0.713458 -0.185045 
vn 0.749 -0.636206 -0.185045 
vn 0.813395 -0.551495 -0.185045 
vn 0.868254 -0.460319 -0.185045 
vn 0.912933 -0.363746 -0.185045 
vn 0.946909 -0.262908 -0.185045 
vn 0.969784 -0.158988 -0.185045 
vn 0.981289 -0.0532039 -0.185045 
vn 0.981289 0.0532039 -0.185045 
vn 0.969784 0.158988 -0.185045 
vn 0.946909 0.262908 -0.185045 
vn 0.912933 0.363746 -0.185045 
vn 0.868254 0.460319 -0.185045 
vn 0.813395 0.551495 -0.185045 
vn 0.749 0.636206 -0.185045 
vn 0.675823 0.713458 -0.185045 
vn 0.594723 0.782345 -0.185045 
vn 0.50665 0.842059 -0.185045 
vn 0.412638 0.891902 -0.185045 
vn 0.313787 0.931287 -0.185045 
vn 0.211258 0.959754 -0.185045 
vn 0.106252 0.976969 -0.185045 
vn 0 0.996833 -0.0795201 
vn -0.107777 0.99099 -0.0795201 
vn -0.21429 0.973528 -0.0795201 
vn -0.31829 0.944652 -0.0795201 
vn -0.418559 0.904701 -0.0795201 
vn -0.513921 0.854144 -0.0795201 
vn -0.603258 0.793572 -0.0795201 
vn -0.685522 0.723696 -0.0795201 
vn -0.759748 0.645336 -0.0795201 
vn -0.825068 0.55941 -0.0795201 
vn -0.880714 0.466925 -0.0795201 
vn -0.926035 0.368966 -0.0795201 
vn -0.960499 0.266681 -0.0795201 
vn -0.983702 0.16127 -0.0795201 
vn -0.995371 0.0539675 -0.0795201 
vn -0.995371 -0.0539675 -0.0795201 
vn -0.983702 -0.16127 -0.0795201 
vn -0.960499 -0.266681 -0.0795201 
vn -0.926035 -0.368966 -0.0795201 
vn -0.880714 -0.466925 -0.0795201 
vn -0.825068 -0.55941 -0.0795201 
vn -0.759748 -0.645336 -0.0795201 
vn -0.685522 -0.723696 -0.0795201 
vn -0.603258 -0.793572 -0.0795201 
vn -0.513921 -0.854144 -0.0795201 
vn -0.418559 -0.904701 -0.0795201 
vn -0.31829 -0.944652 -0.0795201 
vn -0.21429 -0.973528 -0.0795201 
vn -0.107777 -0.99099 -0.0795201 
vn 2.07508e-16 -0.996833 -0.0795201 
vn 0.107777 -0.99099 -0.0795201 
vn 0.21429 -0.973528 -0.0795201 
vn 0.31829 -0.944652 -0.0795201 
vn 0.418559 -0.904701 -0.0795201 
vn 0.513921 -0.854144 -0.0795201 
vn 0.603258 -0.793572 -0.0795201 
vn 0.685522 -0.723696 -0.0795201 
vn 0.759748 -0.645336 -0.0795201 
vn 0.825068 -0.55941 -0.0795201 
vn 0.880714 -0.466925 -0.0795201 
vn 0.926035 -0.368966 -0.0795201 
vn 0.960499 -0.266681 -0.0795201 
vn 0.983702 -0.16127 -0.0795201 
vn 0.995371 -0.0539675 -0.0795201 
vn 0.995371 0.0539675 -0.0795201 
vn 0.983702 0.16127 -0.0795201 
vn 0.960499 0.266681 -0.0795201 
vn 0.926035 0.368966 -0.0795201 
vn 0.880714 0.466925 -0.0795201 
vn 0.825068 0.55941 -0.0795201 
vn 0.759748 0.645336 -0.0795201 
vn 0.685522 0.723696 -0.0795201 
vn 0.603258 0.793572 -0.0795201 
vn 0.513921 0.854144 -0.0795201 
vn 0.418559 0.904701 -0.0795201 
vn 0.31829 0.944652 -0.0795201 
vn 0.21429 0.973528 -0.0795201 
vn 0.107777 0.99099 -0.0795201 
vn 0 0.999638 0.0269063 
vn -0.10808 0.993778 0.0269063 
vn -0.214893 0.976267 0.0269063 
vn -0.319186 0.94731 0.0269063 
vn -0.419737 0.907247 0.0269063 
vn -0.515367 0.856547 0.0269063 
vn -0.604955 0.795805 0.0269063 
vn -0.68745 0.725733 0.0269063 
vn -0.761886 0.647152 0.0269063 
vn -0.827389 0.560984 0.0269063 
vn -0.883192 0.468239 0.0269063 
vn -0.92864 0.370004 0.0269063 
vn -0.963201 0.267431 0.0269063 
vn -0.986469 0.161723 0.0269063 
vn -0.998172 0.0541193 0.0269063 
vn -0.998172 -0.0541193 0.0269063 
vn -0.986469 -0.161723 0.0269063 
vn -0.963201 -0.267431 0.0269063 
vn -0.92864 -0.370004 0.0269063 
vn -0.883192 -0.468239 0.0269063 
vn -0.827389 -0.560984 0.0269063 
vn -0.761886 -0.647152 0.0269063 
vn -0.68745 -0.725733 0.0269063 
vn -0.604955 -0.795805 0.0269063 
vn -0.515367 -0.856547 0.0269063 
vn -0.419737 -0.907247 0.0269063 
vn -0.319186 -0.94731 0.0269063 
vn -0.214893 -0.976267 0.0269063 
vn -0.10808 -0.993778 0.0269063 
vn 2.08091e-16 -0.999638 0.0269063 
vn 0.10808 -0.993778 0.0269063 
vn 0.214893 -0.976267 0.0269063 
vn 0.319186 -0.94731 0.0269063 
vn 0.419737 -0.907247 0.0269063 
vn 0.515367 -0.856547 0.0269063 
vn 0.604955 -0.795805 0.0269063 
vn 0.68745 -0.725733 0.0269063 
vn 0.761886 -0.647152 0.0269063 
vn 0.827389 -0.560984 0.0269063 
vn 0.883192 -0.468239 0.0269063 
vn 0.92864 -0.370004 0.0269063 
vn 0.963201 -0.267431 0.0269063 
vn 0.986469 -0.161723 0.0269063 
vn 0.998172 -0.0541193 0.0269063 
vn 0.998172 0.0541193 0.0269063 
vn 0.986469 0.161723 0.0269063 
vn 0.963201 0.267431 0.0269063 
vn 0.92864 0.370004 0.0269063 
vn 0.883192 0.468239 0.0269063 
vn 0.827389 0.560984 0.0269063 
vn 0.761886 0.647152 0.0269063 
vn 0.68745 0.725733 0.0269063 
vn 0.604955 0.795805 0.0269063 
vn 0.515367 0.856547 0.0269063 
vn 0.419737 0.907247 0.0269063 
vn 0.319186 0.94731 0.0269063 
vn 0.214893 0.976267 0.0269063 
vn 0.10808 0.993778 0.0269063 
vn 0 0.991112 0.133028 
vn -0.107158 0.985302 0.133028 
vn -0.21306 0.967941 0.133028 
vn -0.316464 0.939231 0.133028 
vn -0.416157 0.899509 0.133028 
vn -0.510972 0.849242 0.133028 
vn -0.599796 0.789018 0.133028 
vn -0.681587 0.719543 0.133028 
vn -0.755388 0.641633 0.133028 
vn -0.820333 0.556199 0.133028 
vn -0.87566 0.464245 0.133028 
vn -0.92072 0.366848 0.133028 
vn -0.954986 0.265151 0.133028 
vn -0.978056 0.160344 0.133028 
vn -0.989659 0.0536577 0.133028 
vn -0.989659 -0.0536577 0.133028 
vn -0.978056 -0.160344 0.133028 
vn -0.954986 -0.265151 0.133028 
vn -0.92072 -0.366848 0.133028 
vn -0.87566 -0.464245 0.133028 
vn -0.820333 -0.556199 0.133028 
vn -0.755388 -0.641633 0.133028 
vn -0.681587 -0.719543 0.133028 
vn -0.599796 -0.789018 0.133028 
vn -0.510972 -0.849242 0.133028 
vn -0.416157 -0.899509 0.133028 
vn -0.316464 -0.939231 0.133028 
vn -0.21306 -0.967941 0.133028 
vn -0.107158 -0.985302 0.133028 
vn 2.06317e-16 -0.991112 0.133028 
vn 0.107158 -0.985302 0.133028 
vn 0.21306 -0.967941 0.133028 
vn 0.316464 -0.939231 0.133028 
vn 0.416157 -0.899509 0.133028 
vn 0.510972 -0.849242 0.133028 
vn 0.599796 -0.789018 0.133028 
vn 0.681587 -0.719543 0.133028 
vn 0.755388 -0.641633 0.133028 
vn 0.820333 -0.556199 0.133028 
vn 0.87566 -0.464245 0.133028 
vn 0.92072 -0.366848 0.133028 
vn 0.954986 -0.265151 0.133028 
vn 0.978056 -0.160344 0.133028 
vn 0.989659 -0.0536577 0.133028 
vn 0.989659 0.0536577 0.133028 
vn 0.978056 0.160344 0.133028 
vn 0.954986 0.265151 0.133028 
vn 0.92072 0.366848 0.133028 
vn 0.87566 0.464245 0.133028 
vn 0.820333 0.556199 0.133028 
vn 0.755388 0.641633 0.133028 
vn 0.681587 0.719543 0.133028 
vn 0.599796 0.789018 0.133028 
vn 0.510972 0.849242 0.133028 
vn 0.416157 0.899509 0.133028 
vn 0.316464 0.939231 0.133028 
vn 0.21306 0.967941 0.133028 
vn 0.107158 0.985302 0.133028 
vn 0 0.971353 0.237641 
vn -0.105022 0.965659 0.237641 
vn -0.208812 0.948643 0.237641 
vn -0.310154 0.920506 0.237641 
vn -0.407861 0.881576 0.237641 
vn -0.500785 0.832311 0.237641 
vn -0.587838 0.773287 0.237641 
vn -0.667999 0.705198 0.237641 
vn -0.740328 0.628841 0.237641 
vn -0.803978 0.545111 0.237641 
vn -0.858202 0.45499 0.237641 
vn -0.902364 0.359535 0.237641 
vn -0.935947 0.259864 0.237641 
vn -0.958557 0.157147 0.237641 
vn -0.969928 0.052588 0.237641 
vn -0.969928 -0.052588 0.237641 
vn -0.958557 -0.157147 0.237641 
vn -0.935947 -0.259864 0.237641 
vn -0.902364 -0.359535 0.237641 
vn -0.858202 -0.45499 0.237641 
vn -0.803978 -0.545111 0.237641 
vn -0.740328 -0.628841 0.237641 
vn -0.667999 -0.705198 0.237641 
vn -0.587838 -0.773287 0.237641 
vn -0.500785 -0.832311 0.237641 
vn -0.407861 -0.881576 0.237641 
vn -0.310154 -0.920506 0.237641 
vn -0.208812 -0.948643 0.237641 
vn -0.105022 -0.965659 0.237641 
vn 2.02203e-16 -0.971353 0.237641 
vn 0.105022 -0.965659 0.237641 
vn 0.208812 -0.948643 0.237641 
vn 0.310154 -0.920506 0.237641 
vn 0.407861 -0.881576 0.237641 
vn 0.500785 -0.832311 0.237641 
vn 0.587838 -0.773287 0.237641 
vn 0.667999 -0.705198 0.237641 
vn 0.740328 -0.628841 0.237641 
vn 0.803978 -0.545111 0.237641 
vn 0.858202 -0.45499 0.237641 
vn 0.902364 -0.359535 0.237641 
vn 0.935947 -0.259864 0.237641 
vn 0.958557 -0.157147 0.237641 
vn 0.969928 -0.052588 0.237641 
vn 0.969928 0.052588 0.237641 
vn 0.958557 0.157147 0.237641 
vn 0.935947 0.259864 0.237641 
vn 0.902364 0.359535 0.237641 
vn 0.858202 0.45499 0.237641 
vn 0.803978 0.545111 0.237641 
vn 0.740328 0.628841 0.237641 
vn 0.667999 0.705198 0.237641 
vn 0.587838 0.773287 0.237641 
vn 0.500785 0.832311 0.237641 
vn 0.407861 0.881576 0.237641 
vn 0.310154 0.920506 0.237641 
vn 0.208812 0.948643 0.237641 
vn 0.105022 0.965659 0.237641 
vn 0 0.940584 0.339562 
vn -0.101695 0.93507 0.339562 
vn -0.202198 0.918593 0.339562 
vn -0.30033 0.891347 0.339562 
vn -0.394941 0.853651 0.339562 
vn -0.484922 0.805946 0.339562 
vn -0.569217 0.748792 0.339562 
vn -0.646839 0.68286 0.339562 
vn -0.716877 0.608921 0.339562 
vn -0.778511 0.527843 0.339562 
vn -0.831017 0.440577 0.339562 
vn -0.87378 0.348146 0.339562 
vn -0.9063 0.251633 0.339562 
vn -0.928193 0.15217 0.339562 
vn -0.939204 0.0509222 0.339562 
vn -0.939204 -0.0509222 0.339562 
vn -0.928193 -0.15217 0.339562 
vn -0.9063 -0.251633 0.339562 
vn -0.87378 -0.348146 0.339562 
vn -0.831017 -0.440577 0.339562 
vn -0.778511 -0.527843 0.339562 
vn -0.716877 -0.608921 0.339562 
vn -0.646839 -0.68286 0.339562 
vn -0.569217 -0.748792 0.339562 
vn -0.484922 -0.805946 0.339562 
vn -0.394941 -0.853651 0.339562 
vn -0.30033 -0.891347 0.339562 
vn -0.202198 -0.918593 0.339562 
vn -0.101695 -0.93507 0.339562 
vn 1.95798e-16 -0.940584 0.339562 
vn 0.101695 -0.93507 0.339562 
vn 0.202198 -0.918593 0.339562 
vn 0.30033 -0.891347 0.339562 
vn 0.394941 -0.853651 0.339562 
vn 0.484922 -0.805946 0.339562 
vn 0.569217 -0.748792 0.339562 
vn 0.646839 -0.68286 0.339562 
vn 0.716877 -0.608921 0.339562 
vn 0.778511 -0.527843 0.339562 
vn 0.831017 -0.440577 0.339562 
vn 0.87378 -0.348146 0.339562 
vn 0.9063 -0.251633 0.339562 
vn 0.928193 -0.15217 0.339562 
vn 0.939204 -0.0509222 0.339562 
vn 0.939204 0.0509222 0.339562 
vn 0.928193 0.15217 0.339562 
vn 0.9063 0.251633 0.339562 
vn 0.87378 0.348146 0.339562 
vn 0.831017 0.440577 0.339562 
vn 0.778511 0.527843 0.339562 
vn 0.716877 0.608921 0.339562 
vn 0.646839 0.68286 0.339562 
vn 0.569217 0.748792 0.339562 
vn 0.484922 0.805946 0.339562 
vn 0.394941 0.853651 0.339562 
vn 0.30033 0.891347 0.339562 
vn 0.202198 0.918593 0.339562 
vn 0.101695 0.93507 0.339562 
vn 0 0.899154 0.437633 
vn -0.0972156 0.893883 0.437633 
vn -0.193291 0.878132 0.437633 
vn -0.287101 0.852086 0.437633 
vn -0.377545 0.81605 0.437633 
vn -0.463562 0.770446 0.437633 
vn -0.544145 0.71581 0.437633 
vn -0.618348 0.652782 0.437633 
vn -0.685301 0.5821 0.437633 
vn -0.74422 0.504593 0.437633 
vn -0.794413 0.421171 0.437633 
vn -0.835293 0.332811 0.437633 
vn -0.86638 0.240549 0.437633 
vn -0.887309 0.145467 0.437633 
vn -0.897835 0.0486792 0.437633 
vn -0.897835 -0.0486792 0.437633 
vn -0.887309 -0.145467 0.437633 
vn -0.86638 -0.240549 0.437633 
vn -0.835293 -0.332811 0.437633 
vn -0.794413 -0.421171 0.437633 
vn -0.74422 -0.504593 0.437633 
vn -0.685301 -0.5821 0.437633 
vn -0.618348 -0.652782 0.437633 
vn -0.544145 -0.71581 0.437633 
vn -0.463562 -0.770446 0.437633 
vn -0.377545 -0.81605 0.437633 
vn -0.287101 -0.852086 0.437633 
vn -0.193291 -0.878132 0.437633 
vn -0.0972156 -0.893883 0.437633 
vn 1.87174e-16 -0.899154 0.437633 
vn 0.0972156 -0.893883 0.437633 
vn 0.193291 -0.878132 0.437633 
vn 0.287101 -0.852086 0.437633 
vn 0.377545 -0.81605 0.437633 
vn 0.463562 -0.770446 0.437633 
vn 0.544145 -0.71581 0.437633 
vn 0.618348 -0.652782 0.437633 
vn 0.685301 -0.5821 0.437633 
vn 0.74422 -0.504593 0.437633 
vn 0.794413 -0.421171 0.437633 
vn 0.835293 -0.332811 0.437633 
vn 0.86638 -0.240549 0.437633 
vn 0.887309 -0.145467 0.437633 
vn 0.897835 -0.0486792 0.437633 
vn 0.897835 0.0486792 0.437633 
vn 0.887309 0.145467 0.437633 
vn 0.86638 0.240549 0.437633 
vn 0.835293 0.332811 0.437633 
vn 0.794413 0.421171 0.437633 
vn 0.74422 0.504593 0.437633 
vn 0.685301 0.5821 0.437633 
vn 0.618348 0.652782 0.437633 
vn 0.544145 0.71581 0.437633 
vn 0.463562 0.770446 0.437633 
vn 0.377545 0.81605 0.437633 
vn 0.287101 0.852086 0.437633 
vn 0.193291 0.878132 0.437633 
vn 0.0972156 0.893883 0.437633 
vn 0 0.847532 0.530744 
vn -0.0916343 0.842564 0.530744 
vn -0.182194 0.827717 0.530744 
vn -0.270618 0.803167 0.530744 
vn -0.35587 0.769199 0.530744 
vn -0.436948 0.726214 0.530744 
vn -0.512905 0.674714 0.530744 
vn -0.582847 0.615305 0.530744 
vn -0.645957 0.548681 0.530744 
vn -0.701493 0.475624 0.530744 
vn -0.748805 0.396991 0.530744 
vn -0.787338 0.313704 0.530744 
vn -0.81664 0.226739 0.530744 
vn -0.836367 0.137115 0.530744 
vn -0.846289 0.0458845 0.530744 
vn -0.846289 -0.0458845 0.530744 
vn -0.836367 -0.137115 0.530744 
vn -0.81664 -0.226739 0.530744 
vn -0.787338 -0.313704 0.530744 
vn -0.748805 -0.396991 0.530744 
vn -0.701493 -0.475624 0.530744 
vn -0.645957 -0.548681 0.530744 
vn -0.582847 -0.615305 0.530744 
vn -0.512905 -0.674714 0.530744 
vn -0.436948 -0.726214 0.530744 
vn -0.35587 -0.769199 0.530744 
vn -0.270618 -0.803167 0.530744 
vn -0.182194 -0.827717 0.530744 
vn -0.0916343 -0.842564 0.530744 
vn 1.76428e-16 -0.847532 0.530744 
vn 0.0916343 -0.842564 0.530744 
vn 0.182194 -0.827717 0.530744 
vn 0.270618 -0.803167 0.530744 
vn 0.35587 -0.769199 0.530744 
vn 0.436948 -0.726214 0.530744 
vn 0.512905 -0.674714 0.530744 
vn 0.582847 -0.615305 0.530744 
vn 0.645957 -0.548681 0.530744 
vn 0.701493 -0.475624 0.530744 
vn 0.748805 -0.396991 0.530744 
vn 0.787338 -0.313704 0.530744 
vn 0.81664 -0.226739 0.530744 
vn 0.836367 -0.137115 0.530744 
vn 0.846289 -0.0458845 0.530744 
vn 0.846289 0.0458845 0.530744 
vn 0.836367 0.137115 0.530744 
vn 0.81664 0.226739 0.530744 
vn 0.787338 0.313704 0.530744 
vn 0.748805 0.396991 0.530744 
vn 0.701493 0.475624 0.530744 
vn 0.645957 0.548681 0.530744 
vn 0.582847 0.615305 0.530744 
vn 0.512905 0.674714 0.530744 
vn 0.436948 0.726214 0.530744 
vn 0.35587 0.769199 0.530744 
vn 0.270618 0.803167 0.530744 
vn 0.182194 0.827717 0.530744 
vn 0.0916343 0.842564 0.530744 
vn 0 0.786304 0.617839 
vn -0.0850145 0.781695 0.617839 
vn -0.169032 0.767921 0.617839 
vn -0.251068 0.745144 0.617839 
vn -0.330161 0.71363 0.617839 
vn -0.405382 0.673751 0.617839 
vn -0.475851 0.625971 0.617839 
vn -0.540741 0.570853 0.617839 
vn -0.599291 0.509043 0.617839 
vn -0.650815 0.441264 0.617839 
vn -0.694709 0.368312 0.617839 
vn -0.730458 0.291041 0.617839 
vn -0.757644 0.210359 0.617839 
vn -0.775946 0.12721 0.617839 
vn -0.785151 0.0425697 0.617839 
vn -0.785151 -0.0425697 0.617839 
vn -0.775946 -0.12721 0.617839 
vn -0.757644 -0.210359 0.617839 
vn -0.730458 -0.291041 0.617839 
vn -0.694709 -0.368312 0.617839 
vn -0.650815 -0.441264 0.617839 
vn -0.599291 -0.509043 0.617839 
vn -0.540741 -0.570853 0.617839 
vn -0.475851 -0.625971 0.617839 
vn -0.405382 -0.673751 0.617839 
vn -0.330161 -0.71363 0.617839 
vn -0.251068 -0.745144 0.617839 
vn -0.169032 -0.767921 0.617839 
vn -0.0850145 -0.781695 0.617839 
vn 1.63682e-16 -0.786304 0.617839 
vn 0.0850145 -0.781695 0.617839 
vn 0.169032 -0.767921 0.617839 
vn 0.251068 -0.745144 0.617839 
vn 0.330161 -0.71363 0.617839 
vn 0.405382 -0.673751 0.617839 
vn 0.475851 -0.625971 0.617839 
vn 0.540741 -0.570853 0.617839 
vn 0.599291 -0.509043 0.617839 
vn 0.650815 -0.441264 0.617839 
vn 0.694709 -0.368312 0.617839 
vn 0.730458 -0.291041 0.617839 
vn 0.757644 -0.210359 0.617839 
vn 0.775946 -0.12721 0.617839 
vn 0.785151 -0.0425697 0.617839 
vn 0.785151 0.0425697 0.617839 
vn 0.775946 0.12721 0.617839 
vn 0.757644 0.210359 0.617839 
vn 0.730458 0.291041 0.617839 
vn 0.694709 0.368312 0.617839 
vn 0.650815 0.441264 0.617839 
vn 0.599291 0.509043 0.617839 
vn 0.540741 0.570853 0.617839 
vn 0.475851 0.625971 0.617839 
vn 0.405382 0.673751 0.617839 
vn 0.330161 0.71363 0.617839 
vn 0.251068 0.745144 0.617839 
vn 0.169032 0.767921 0.617839 
vn 0.0850145 0.781695 0.617839 
vn 0 0.716164 0.697932 
vn -0.077431 0.711966 0.697932 
vn -0.153954 0.699421 0.697932 
vn -0.228672 0.678675 0.697932 
vn -0.30071 0.649973 0.697932 
vn -0.369221 0.61365 0.697932 
vn -0.433404 0.570133 0.697932 
vn -0.492506 0.519932 0.697932 
vn -0.545833 0.463635 0.697932 
vn -0.592761 0.401902 0.697932 
vn -0.63274 0.335457 0.697932 
vn -0.6653 0.26508 0.697932 
vn -0.69006 0.191594 0.697932 
vn -0.70673 0.115862 0.697932 
vn -0.715114 0.0387723 0.697932 
vn -0.715114 -0.0387723 0.697932 
vn -0.70673 -0.115862 0.697932 
vn -0.69006 -0.191594 0.697932 
vn -0.6653 -0.26508 0.697932 
vn -0.63274 -0.335457 0.697932 
vn -0.592761 -0.401902 0.697932 
vn -0.545833 -0.463635 0.697932 
vn -0.492506 -0.519932 0.697932 
vn -0.433404 -0.570133 0.697932 
vn -0.369221 -0.61365 0.697932 
vn -0.30071 -0.649973 0.697932 
vn -0.228672 -0.678675 0.697932 
vn -0.153954 -0.699421 0.697932 
vn -0.077431 -0.711966 0.697932 
vn 1.49082e-16 -0.716164 0.697932 
vn 0.077431 -0.711966 0.697932 
vn 0.153954 -0.699421 0.697932 
vn 0.228672 -0.678675 0.697932 
vn 0.30071 -0.649973 0.697932 
vn 0.369221 -0.61365 0.697932 
vn 0.433404 -0.570133 0.697932 
vn 0.492506 -0.519932 0.697932 
vn 0.545833 -0.463635 0.697932 
vn 0.592761 -0.401902 0.697932 
vn 0.63274 -0.335457 0.697932 
vn 0.6653 -0.26508 0.697932 
vn 0.69006 -0.191594 0.697932 
vn 0.70673 -0.115862 0.697932 
vn 0.715114 -0.0387723 0.697932 
vn 0.715114 0.0387723 0.697932 
vn 0.70673 0.115862 0.697932 
vn 0.69006 0.191594 0.697932 
vn 0.6653 0.26508 0.697932 
vn 0.63274 0.335457 0.697932 
vn 0.592761 0.401902 0.697932 
vn 0.545833 0.463635 0.697932 
vn 0.492506 0.519932 0.697932 
vn 0.433404 0.570133 0.697932 
vn 0.369221 0.61365 0.697932 
vn 0.30071 0.649973 0.697932 
vn 0.228672 0.678675 0.697932 
vn 0.153954 0.699421 0.697932 
vn 0.077431 0.711966 0.697932 
vn 0 0.637907 0.770114 
vn -0.0689698 0.634167 0.770114 
vn -0.137131 0.622993 0.770114 
vn -0.203685 0.604514 0.770114 
vn -0.26785 0.578948 0.770114 
vn -0.328875 0.546595 0.770114 
vn -0.386045 0.507833 0.770114 
vn -0.438688 0.463117 0.770114 
vn -0.486188 0.412972 0.770114 
vn -0.527988 0.357985 0.770114 
vn -0.563598 0.298801 0.770114 
vn -0.5926 0.236114 0.770114 
vn -0.614655 0.170658 0.770114 
vn -0.629503 0.103202 0.770114 
vn -0.636971 0.0345356 0.770114 
vn -0.636971 -0.0345356 0.770114 
vn -0.629503 -0.103202 0.770114 
vn -0.614655 -0.170658 0.770114 
vn -0.5926 -0.236114 0.770114 
vn -0.563598 -0.298801 0.770114 
vn -0.527988 -0.357985 0.770114 
vn -0.486188 -0.412972 0.770114 
vn -0.438688 -0.463117 0.770114 
vn -0.386045 -0.507833 0.770114 
vn -0.328875 -0.546595 0.770114 
vn -0.26785 -0.578948 0.770114 
vn -0.203685 -0.604514 0.770114 
vn -0.137131 -0.622993 0.770114 
vn -0.0689698 -0.634167 0.770114 
vn 1.32791e-16 -0.637907 0.770114 
vn 0.0689698 -0.634167 0.770114 
vn 0.137131 -0.622993 0.770114 
vn 0.203685 -0.604514 0.770114 
vn 0.26785 -0.578948 0.770114 
vn 0.328875 -0.546595 0.770114 
vn 0.386045 -0.507833 0.770114 
vn 0.438688 -0.463117 0.770114 
vn 0.486188 -0.412972 0.770114 
vn 0.527988 -0.357985 0.770114 
vn 0.563598 -0.298801 0.770114 
vn 0.5926 -0.236114 0.770114 
vn 0.614655 -0.170658 0.770114 
vn 0.629503 -0.103202 0.770114 
vn 0.636971 -0.0345356 0.770114 
vn 0.636971 0.0345356 0.770114 
vn 0.629503 0.103202 0.770114 
vn 0.614655 0.170658 0.770114 
vn 0.5926 0.236114 0.770114 
vn 0.563598 0.298801 0.770114 
vn 0.527988 0.357985 0.770114 
vn 0.486188 0.412972 0.770114 
vn 0.438688 0.463117 0.770114 
vn 0.386045 0.507833 0.770114 
vn 0.328875 0.546595 0.770114 
vn 0.26785 0.578948 0.770114 
vn 0.203685 0.604514 0.770114 
vn 0.137131 0.622993 0.770114 
vn 0.0689698 0.634167 0.770114 
vn 0 0.552419 0.833567 
vn -0.059727 0.549181 0.833567 
vn -0.118754 0.539504 0.833567 
vn -0.176388 0.523501 0.833567 
vn -0.231955 0.501362 0.833567 
vn -0.284802 0.473344 0.833567 
vn -0.33431 0.439777 0.833567 
vn -0.379898 0.401054 0.833567 
vn -0.421033 0.357628 0.833567 
vn -0.457231 0.31001 0.833567 
vn -0.488069 0.258758 0.833567 
vn -0.513184 0.204471 0.833567 
vn -0.532283 0.147788 0.833567 
vn -0.545142 0.0893714 0.833567 
vn -0.551609 0.0299074 0.833567 
vn -0.551609 -0.0299074 0.833567 
vn -0.545142 -0.0893714 0.833567 
vn -0.532283 -0.147788 0.833567 
vn -0.513184 -0.204471 0.833567 
vn -0.488069 -0.258758 0.833567 
vn -0.457231 -0.31001 0.833567 
vn -0.421033 -0.357628 0.833567 
vn -0.379898 -0.401054 0.833567 
vn -0.33431 -0.439777 0.833567 
vn -0.284802 -0.473344 0.833567 
vn -0.231955 -0.501362 0.833567 
vn -0.176388 -0.523501 0.833567 
vn -0.118754 -0.539504 0.833567 
vn -0.059727 -0.549181 0.833567 
vn 1.14995e-16 -0.552419 0.833567 
vn 0.059727 -0.549181 0.833567 
vn 0.118754 -0.539504 0.833567 
vn 0.176388 -0.523501 0.833567 
vn 0.231955 -0.501362 0.833567 
vn 0.284802 -0.473344 0.833567 
vn 0.33431 -0.439777 0.833567 
vn 0.379898 -0.401054 0.833567 
vn 0.421033 -0.357628 0.833567 
vn 0.457231 -0.31001 0.833567 
vn 0.488069 -0.258758 0.833567 
vn 0.513184 -0.204471 0.833567 
vn 0.532283 -0.147788 0.833567 
vn 0.545142 -0.0893714 0.833567 
vn 0.551609 -0.0299074 0.833567 
vn 0.551609 0.0299074 0.833567 
vn 0.545142 0.0893714 0.833567 
vn 0.532283 0.147788 0.833567 
vn 0.513184 0.204471 0.833567 
vn 0.488069 0.258758 0.833567 
vn 0.457231 0.31001 0.833567 
vn 0.421033 0.357628 0.833567 
vn 0.379898 0.401054 0.833567 
vn 0.33431 0.439777 0.833567 
vn 0.284802 0.473344 0.833567 
vn 0.231955 0.501362 0.833567 
vn 0.176388 0.523501 0.833567 
vn 0.118754 0.539504 0.833567 
vn 0.059727 0.549181 0.833567 
vn 0 0.46067 0.887572 
vn -0.0498071 0.457969 0.887572 
vn -0.0990304 0.449899 0.887572 
vn -0.147093 0.436555 0.887572 
vn -0.19343 0.418092 0.887572 
vn -0.2375 0.394728 0.887572 
vn -0.278785 0.366736 0.887572 
vn -0.316802 0.334444 0.887572 
vn -0.351105 0.298231 0.887572 
vn -0.381291 0.258522 0.887572 
vn -0.407007 0.215782 0.887572 
vn -0.427951 0.170511 0.887572 
vn -0.443878 0.123242 0.887572 
vn -0.454601 0.0745281 0.887572 
vn -0.459994 0.0249402 0.887572 
vn -0.459994 -0.0249402 0.887572 
vn -0.454601 -0.0745281 0.887572 
vn -0.443878 -0.123242 0.887572 
vn -0.427951 -0.170511 0.887572 
vn -0.407007 -0.215782 0.887572 
vn -0.381291 -0.258522 0.887572 
vn -0.351105 -0.298231 0.887572 
vn -0.316802 -0.334444 0.887572 
vn -0.278785 -0.366736 0.887572 
vn -0.2375 -0.394728 0.887572 
vn -0.19343 -0.418092 0.887572 
vn -0.147093 -0.436555 0.887572 
vn -0.0990304 -0.449899 0.887572 
vn -0.0498071 -0.457969 0.887572 
vn 9.58961e-17 -0.46067 0.887572 
vn 0.0498071 -0.457969 0.887572 
vn 0.0990304 -0.449899 0.887572 
vn 0.147093 -0.436555 0.887572 
vn 0.19343 -0.418092 0.887572 
vn 0.2375 -0.394728 0.887572 
vn 0.278785 -0.366736 0.887572 
vn 0.316802 -0.334444 0.887572 
vn 0.351105 -0.298231 0.887572 
vn 0.381291 -0.258522 0.887572 
vn 0.407007 -0.215782 0.887572 
vn 0.427951 -0.170511 0.887572 
vn 0.443878 -0.123242 0.887572 
vn 0.454601 -0.0745281 0.887572 
vn 0.459994 -0.0249402 0.887572 
vn 0.459994 0.0249402 0.887572 
vn 0.454601 0.0745281 0.887572 
vn 0.443878 0.123242 0.887572 
vn 0.427951 0.170511 0.887572 
vn 0.407007 0.215782 0.887572 
vn 0.381291 0.258522 0.887572 
vn 0.351105 0.298231 0.887572 
vn 0.316802 0.334444 0.887572 
vn 0.278785 0.366736 0.887572 
vn 0.2375 0.394728 0.887572 
vn 0.19343 0.418092 0.887572 
vn 0.147093 0.436555 0.887572 
vn 0.0990304 0.449899 0.887572 
vn 0.0498071 0.457969 0.887572 
vn 0 0.363699 0.931517 
vn -0.0393228 0.361567 0.931517 
vn -0.0781845 0.355196 0.931517 
vn -0.11613 0.344661 0.931517 
vn -0.152713 0.330084 0.931517 
vn -0.187506 0.311638 0.931517 
vn -0.220101 0.289538 0.931517 
vn -0.250116 0.264044 0.931517 
vn -0.277198 0.235454 0.931517 
vn -0.30103 0.204103 0.931517 
vn -0.321332 0.17036 0.931517 
vn -0.337868 0.134619 0.931517 
vn -0.350442 0.0972998 0.931517 
vn -0.358908 0.0588399 0.931517 
vn -0.363166 0.0196903 0.931517 
vn -0.363166 -0.0196903 0.931517 
vn -0.358908 -0.0588399 0.931517 
vn -0.350442 -0.0972998 0.931517 
vn -0.337868 -0.134619 0.931517 
vn -0.321332 -0.17036 0.931517 
vn -0.30103 -0.204103 0.931517 
vn -0.277198 -0.235454 0.931517 
vn -0.250116 -0.264044 0.931517 
vn -0.220101 -0.289538 0.931517 
vn -0.187506 -0.311638 0.931517 
vn -0.152713 -0.330084 0.931517 
vn -0.11613 -0.344661 0.931517 
vn -0.0781845 -0.355196 0.931517 
vn -0.0393228 -0.361567 0.931517 
vn 7.57101e-17 -0.363699 0.931517 
vn 0.0393228 -0.361567 0.931517 
vn 0.0781845 -0.355196 0.931517 
vn 0.11613 -0.344661 0.931517 
vn 0.152713 -0.330084 0.931517 
vn 0.187506 -0.311638 0.931517 
vn 0.220101 -0.289538 0.931517 
vn 0.250116 -0.264044 0.931517 
vn 0.277198 -0.235454 0.931517 
vn 0.30103 -0.204103 0.931517 
vn 0.321332 -0.17036 0.931517 
vn 0.337868 -0.134619 0.931517 
vn 0.350442 -0.0972998 0.931517 
vn 0.358908 -0.0588399 0.931517 
vn 0.363166 -0.0196903 0.931517 
vn 0.363166 0.0196903 0.931517 
vn 0.358908 0.0588399 0.931517 
vn 0.350442 0.0972998 0.931517 
vn 0.337868 0.134619 0.931517 
vn 0.321332 0.17036 0.931517 
vn 0.30103 0.204103 0.931517 
vn 0.277198 0.235454 0.931517 
vn 0.250116 0.264044 0.931517 
vn 0.220101 0.289538 0.931517 
vn 0.187506 0.311638 0.931517 
vn 0.152713 0.330084 0.931517 
vn 0.11613 0.344661 0.931517 
vn 0.0781845 0.355196 0.931517 
vn 0.0393228 0.361567 0.931517 
vn 0 0.262606 0.964903 
vn -0.0283927 0.261067 0.964903 
vn -0.0564525 0.256466 0.964903 
vn -0.0838505 0.248859 0.964903 
vn -0.110265 0.238335 0.964903 
vn -0.135388 0.225016 0.964903 
vn -0.158922 0.209059 0.964903 
vn -0.180594 0.190651 0.964903 
vn -0.200148 0.170008 0.964903 
vn -0.217356 0.147371 0.964903 
vn -0.232016 0.123007 0.964903 
vn -0.243955 0.0972005 0.964903 
vn -0.253034 0.0702546 0.964903 
vn -0.259147 0.0424849 0.964903 
vn -0.262221 0.0142172 0.964903 
vn -0.262221 -0.0142172 0.964903 
vn -0.259147 -0.0424849 0.964903 
vn -0.253034 -0.0702546 0.964903 
vn -0.243955 -0.0972005 0.964903 
vn -0.232016 -0.123007 0.964903 
vn -0.217356 -0.147371 0.964903 
vn -0.200148 -0.170008 0.964903 
vn -0.180594 -0.190651 0.964903 
vn -0.158922 -0.209059 0.964903 
vn -0.135388 -0.225016 0.964903 
vn -0.110265 -0.238335 0.964903 
vn -0.0838505 -0.248859 0.964903 
vn -0.0564525 -0.256466 0.964903 
vn -0.0283927 -0.261067 0.964903 
vn 5.46659e-17 -0.262606 0.964903 
vn 0.0283927 -0.261067 0.964903 
vn 0.0564525 -0.256466 0.964903 
vn 0.0838505 -0.248859 0.964903 
vn 0.110265 -0.238335 0.964903 
vn 0.135388 -0.225016 0.964903 
vn 0.158922 -0.209059 0.964903 
vn 0.180594 -0.190651 0.964903 
vn 0.200148 -0.170008 0.964903 
vn 0.217356 -0.147371 0.964903 
vn 0.232016 -0.123007 0.964903 
vn 0.243955 -0.0972005 0.964903 
vn 0.253034 -0.0702546 0.964903 
vn 0.259147 -0.0424849 0.964903 
vn 0.262221 -0.0142172 0.964903 
vn 0.262221 0.0142172 0.964903 
vn 0.259147 0.0424849 0.964903 
vn 0.253034 0.0702546 0.964903 
vn 0.243955 0.0972005 0.964903 
vn 0.232016 0.123007 0.964903 
vn 0.217356 0.147371 0.964903 
vn 0.200148 0.170008 0.964903 
vn 0.180594 0.190651 0.964903 
vn 0.158922 0.209059 0.964903 
vn 0.135388 0.225016 0.964903 
vn 0.110265 0.238335 0.964903 
vn 0.0838505 0.248859 0.964903 
vn 0.0564525 0.256466 0.964903 
vn 0.0283927 0.261067 0.964903 
vn 0 0.158537 0.987353 
vn -0.0171408 0.157607 0.987353 
vn -0.0340807 0.15483 0.987353 
vn -0.050621 0.150238 0.987353 
vn -0.0665678 0.143884 0.987353 
vn -0.0817341 0.135843 0.987353 
vn -0.0959423 0.12621 0.987353 
vn -0.109026 0.115097 0.987353 
vn -0.120831 0.102634 0.987353 
vn -0.131219 0.0889687 0.987353 
vn -0.140069 0.0742599 0.987353 
vn -0.147277 0.0586804 0.987353 
vn -0.152758 0.042413 0.987353 
vn -0.156448 0.0256484 0.987353 
vn -0.158304 0.008583 0.987353 
vn -0.158304 -0.008583 0.987353 
vn -0.156448 -0.0256484 0.987353 
vn -0.152758 -0.042413 0.987353 
vn -0.147277 -0.0586804 0.987353 
vn -0.140069 -0.0742599 0.987353 
vn -0.131219 -0.0889687 0.987353 
vn -0.120831 -0.102634 0.987353 
vn -0.109026 -0.115097 0.987353 
vn -0.0959423 -0.12621 0.987353 
vn -0.0817341 -0.135843 0.987353 
vn -0.0665678 -0.143884 0.987353 
vn -0.050621 -0.150238 0.987353 
vn -0.0340807 -0.15483 0.987353 
vn -0.0171408 -0.157607 0.987353 
vn 3.30021e-17 -0.158537 0.987353 
vn 0.0171408 -0.157607 0.987353 
vn 0.0340807 -0.15483 0.987353 
vn 0.050621 -0.150238 0.987353 
vn 0.0665678 -0.143884 0.987353 
vn 0.0817341 -0.135843 0.987353 
vn 0.0959423 -0.12621 0.987353 
vn 0.109026 -0.115097 0.987353 
vn 0.120831 -0.102634 0.987353 
vn 0.131219 -0.0889687 0.987353 
vn 0.140069 -0.0742599 0.987353 
vn 0.147277 -0.0586804 0.987353 
vn 0.152758 -0.042413 0.987353 
vn 0.156448 -0.0256484 0.987353 
vn 0.158304 -0.008583 0.987353 
vn 0.158304 0.008583 0.987353 
vn 0.156448 0.0256484 0.987353 
vn 0.152758 0.042413 0.987353 
vn 0.147277 0.0586804 0.987353 
vn 0.140069 0.0742599 0.987353 
vn 0.131219 0.0889687 0.987353 
vn 0.120831 0.102634 0.987353 
vn 0.109026 0.115097 0.987353 
vn 0.0959423 0.12621 0.987353 
vn 0.0817341 0.135843 0.987353 
vn 0.0665678 0.143884 0.987353 
vn 0.050621 0.150238 0.987353 
vn 0.0340807 0.15483 0.987353 
vn 0.0171408 0.157607 0.987353 
vn 3.31505e-18 6.11425e-17 -1 
usemtl 0.647059_0.647059_0.647059_0.000000_0.000000
o mesh0
f 59//1 1//1 2//1 
f 2//1 3//1 59//1 
f 3//1 4//1 59//1 
f 4//1 5//1 59//1 
f 5//1 6//1 59//1 
f 6//1 7//1 59//1 
f 7//1 8//1 59//1 
f 8//1 9//1 59//1 
f 9//1 10//1 59//1 
f 10//1 11//1 59//1 
f 11//1 12//1 59//1 
f 12//1 13//1 59//1 
f 13//1 14//1 59//1 
f 14//1 15//1 59//1 
f 15//1 16//1 59//1 
f 16//1 17//1 59//1 
f 17//1 18//1 59//1 
f 18//1 19//1 59//1 
f 19//1 20//1 59//1 
f 20//1 21//1 59//1 
f 21//1 22//1 59//1 
f 22//1 23//1 59//1 
f 23//1 24//1 59//1 
f 24//1 25//1 59//1 
f 25//1 26//1 59//1 
f 26//1 27//1 59//1 
f 27//1 28//1 59//1 
f 28//1 29//1 59//1 
f 29//1 30//1 59//1 
f 30//1 31//1 59//1 
f 31//1 32//1 59//1 
f 32//1 33//1 59//1 
f 33//1 34//1 59//1 
f 34//1 35//1 59//1 
f 35//1 36//1 59//1 
f 36//1 37//1 59//1 
f 37//1 38//1 59//1 
f 38//1 39//1 59//1 
f 39//1 40//1 59//1 
f 40//1 41//1 59//1 
f 41//1 42//1 59//1 
f 42//1 43//1 59//1 
f 43//1 44//1 59//1 
f 44//1 45//1 59//1 
f 45//1 46//1 59//1 
f 46//1 47//1 59//1 
f 47//1 48//1 59//1 
f 48//1 49//1 59//1 
f 49//1 50//1 59//1 
f 50//1 51//1 59//1 
f 51//1 52//1 59//1 
f 52//1 53//1 59//1 
f 53//1 54//1 59//1 
f 54//1 55//1 59//1 
f 55//1 56//1 59//1 
f 56//1 57//1 59//1 
f 57//1 58//1 59//1 
f 58//1 1//1 59//1 
o mesh1
f 60//2 61//3 58//3 
f 62//4 60//2 57//5 
f 63//6 62//4 56//7 
f 64//8 63//6 55//9 
f 65//10 64//8 54//11 
f 66//12 65//10 53//13 
f 67//14 66//12 52//15 
f 68//16 67//14 51//17 
f 69//18 68//16 50//19 
f 70//20 69//18 49//21 
f 71//22 70//20 48//23 
f 72//24 71//22 47//25 
f 73//26 72//24 46//27 
f 74//28 73//26 45//29 
f 75//30 74//28 44//31 
f 76//32 75//30 43//33 
f 77//34 76//32 42//35 
f 78//36 77//34 41//37 
f 79//38 78//36 40//39 
f 80//40 79//38 39//41 
f 81//42 80//40 38//43 
f 82//44 81//42 37//45 
f 83//46 82//44 36//47 
f 84//48 83//46 35//49 
f 85//50 84//48 34//51 
f 86//52 85//50 33//53 
f 87//54 86//52 32//55 
f 88//56 87//54 31//57 
f 89//58 88//56 30//59 
f 90//60 89//58 29//61 
f 91//62 90//60 28//63 
f 92//64 91//62 27//65 
f 93//66 92//64 26//67 
f 94//68 93//66 25//69 
f 95//70 94//68 24//71 
f 96//72 95//70 23//73 
f 97//74 96//72 22//75 
f 98//76 97//74 21//77 
f 99//78 98//76 20//79 
f 100//80 99//78 19//81 
f 101//82 100//80 18//83 
f 102//84 101//82 17//85 
f 103//86 102//84 16//87 
f 104//88 103//86 15//89 
f 105//90 104//88 14//91 
f 106//92 105//90 13//93 
f 107//94 106//92 12//95 
f 108//96 107//94 11//97 
f 109//98 108//96 10//99 
f 110//100 109//98 9//101 
f 111//102 110//100 8//103 
f 112//104 111//102 7//105 
f 113//106 112//104 6//107 
f 114//108 113//106 5//109 
f 115//110 114//108 4//111 
f 116//112 115//110 3//113 
f 117//114 116//112 2//115 
f 61//3 117//114 1//114 
f 1//114 58//3 61//3 
f 2//115 1//114 117//114 
f 3//113 2//115 116//112 
f 4//111 3//113 115//110 
f 5//109 4//111 114//108 
f 6//107 5//109 113//106 
f 7//105 6//107 112//104 
f 8//103 7//105 111//102 
f 9//101 8//103 110//100 
f 10//99 9//101 109//98 
f 11//97 10//99 108//96 
f 12//95 11//97 107//94 
f 13//93 12//95 106//92 
f 14//91 13//93 105//90 
f 15//89 14//91 104//88 
f 16//87 15//89 103//86 
f 17//85 16//87 102//84 
f 18//83 17//85 101//82 
f 19//81 18//83 100//80 
f 20//79 19//81 99//78 
f 21//77 20//79 98//76 
f 22//75 21//77 97//74 
f 23//73 22//75 96//72 
f 24//71 23//73 95//70 
f 25//69 24//71 94//68 
f 26//67 25//69 93//66 
f 27//65 26//67 92//64 
f 28//63 27//65 91//62 
f 29//61 28//63 90//60 
f 30//59 29//61 89//58 
f 31//57 30//59 88//56 
f 32//55 31//57 87//54 
f 33//53 32//55 86//52 
f 34//51 33//53 85//50 
f 35//49 34//51 84//48 
f 36//47 35//49 83//46 
f 37//45 36//47 82//44 
f 38//43 37//45 81//42 
f 39//41 38//43 80//40 
f 40//39 39//41 79//38 
f 41//37 40//39 78//36 
f 42//35 41//37 77//34 
f 43//33 42//35 76//32 
f 44//31 43//33 75//30 
f 45//29 44//31 74//28 
f 46//27 45//29 73//26 
f 47//25 46//27 72//24 
f 48//23 47//25 71//22 
f 49//21 48//23 70//20 
f 50//19 49//21 69//18 
f 51//17 50//19 68//16 
f 52//15 51//17 67//14 
f 53//13 52//15 66//12 
f 54//11 53//13 65//10 
f 55//9 54//11 64//8 
f 56//7 55//9 63//6 
f 57//5 56//7 62//4 
f 58//3 57//5 60//2 
o mesh2
f 118//116 119//117 120//118 
f 121//119 120//118 122//120 
f 123//121 122//120 124//122 
f 125//123 124//122 126//124 
f 127//125 126//124 128//126 
f 129//127 128//126 130//128 
f 131//129 130//128 132//130 
f 133//131 132//130 134//132 
f 135//133 134//132 136//134 
f 137//135 136//134 138//136 
f 139//137 138//136 140//138 
f 141//139 140//138 142//140 
f 143//141 142//140 144//142 
f 145//143 144//142 146//144 
f 147//145 146//144 148//146 
f 149//147 148//146 150//148 
f 151//149 150//148 152//150 
f 153//151 152//150 154//152 
f 155//153 154//152 156//154 
f 157//155 156//154 158//156 
f 159//157 158//156 160//158 
f 161//159 160//158 162//160 
f 163//161 162//160 164//162 
f 165//163 164//162 166//164 
f 167//165 166//164 168//166 
f 169//167 168//166 170//168 
f 171//169 170//168 172//170 
f 173//171 172//170 174//172 
f 175//173 174//172 176//174 
f 177//175 176//174 178//176 
f 179//177 178//176 180//178 
f 181//179 180//178 182//180 
f 183//181 182//180 184//182 
f 185//183 184//182 186//184 
f 187//185 186//184 188//186 
f 189//187 188//186 190//188 
f 191//189 190//188 192//190 
f 193//191 192//190 194//192 
f 195//193 194//192 196//194 
f 197//195 196//194 198//196 
f 199//197 198//196 200//198 
f 201//199 200//198 202//200 
f 203//201 202//200 204//202 
f 205//203 204//202 206//204 
f 207//205 206//204 208//206 
f 209//207 208//206 210//208 
f 211//209 210//208 212//210 
f 213//211 212//210 214//212 
f 215//213 214//212 216//214 
f 217//215 216//214 218//216 
f 219//217 218//216 220//218 
f 221//219 220//218 222//220 
f 223//221 222//220 224//222 
f 225//223 224//222 226//224 
f 227//225 226//224 228//226 
f 229//227 228//226 230//228 
f 231//229 230//228 232//230 
f 233//231 232//230 119//117 
f 234//232 118//116 121//119 
f 235//233 121//119 123//121 
f 236//234 123//121 125//123 
f 237//235 125//123 127//125 
f 238//236 127//125 129//127 
f 239//237 129//127 131//129 
f 240//238 131//129 133//131 
f 241//239 133//131 135//133 
f 242//240 135//133 137//135 
f 243//241 137//135 139//137 
f 244//242 139//137 141//139 
f 245//243 141//139 143//141 
f 246//244 143//141 145//143 
f 247//245 145//143 147//145 
f 248//246 147//145 149//147 
f 249//247 149//147 151//149 
f 250//248 151//149 153//151 
f 251//249 153//151 155//153 
f 252//250 155//153 157//155 
f 253//251 157//155 159//157 
f 254//252 159//157 161//159 
f 255//253 161//159 163//161 
f 256//254 163//161 165//163 
f 257//255 165//163 167//165 
f 258//256 167//165 169//167 
f 259//257 169//167 171//169 
f 260//258 171//169 173//171 
f 261//259 173//171 175//173 
f 262//260 175//173 177//175 
f 263//261 177//175 179//177 
f 264//262 179//177 181//179 
f 265//263 181//179 183//181 
f 266//264 183//181 185//183 
f 267//265 185//183 187//185 
f 268//266 187//185 189//187 
f 269//267 189//187 191//189 
f 270//268 191//189 193//191 
f 271//269 193//191 195//193 
f 272//270 195//193 197//195 
f 273//271 197//195 199//197 
f 274//272 199//197 201//199 
f 275//273 201//199 203//201 
f 276//274 203//201 205//203 
f 277//275 205//203 207//205 
f 278//276 207//205 209//207 
f 279//277 209//207 211//209 
f 280//278 211//209 213//211 
f 281//279 213//211 215//213 
f 282//280 215//213 217//215 
f 283//281 217//215 219//217 
f 284//282 219//217 221//219 
f 285//283 221//219 223//221 
f 286//284 223//221 225//223 
f 287//285 225//223 227//225 
f 288//286 227//225 229//227 
f 289//287 229//227 231//229 
f 290//288 231//229 233//231 
f 291//289 233//231 118//116 
f 292//290 234//232 235//233 
f 293//291 235//233 236//234 
f 294//292 236//234 237//235 
f 295//293 237//235 238//236 
f 296//294 238//236 239//237 
f 297//295 239//237 240//238 
f 298//296 240//238 241//239 
f 299//297 241//239 242//240 
f 300//298 242//240 243//241 
f 301//299 243//241 244//242 
f 302//300 244//242 245//243 
f 303//301 245//243 246//244 
f 304//302 246//244 247//245 
f 305//303 247//245 248//246 
f 306//304 248//246 249//247 
f 307//305 249//247 250//248 
f 308//306 250//248 251//249 
f 309//307 251//249 252//250 
f 310//308 252//250 253//251 
f 311//309 253//251 254//252 
f 312//310 254//252 255//253 
f 313//311 255//253 256//254 
f 314//312 256//254 257//255 
f 315//313 257//255 258//256 
f 316//314 258//256 259//257 
f 317//315 259//257 260//258 
f 318//316 260//258 261//259 
f 319//317 261//259 262//260 
f 320//318 262//260 263//261 
f 321//319 263//261 264//262 
f 322//320 264//262 265//263 
f 323//321 265//263 266//264 
f 324//322 266//264 267//265 
f 325//323 267//265 268//266 
f 326//324 268//266 269//267 
f 327//325 269//267 270//268 
f 328//326 270//268 271//269 
f 329//327 271//269 272//270 
f 330//328 272//270 273//271 
f 331//329 273//271 274//272 
f 332//330 274//272 275//273 
f 333//331 275//273 276//274 
f 334//332 276//274 277//275 
f 335//333 277//275 278//276 
f 336//334 278//276 279//277 
f 337//335 279//277 280//278 
f 338//336 280//278 281//279 
f 339//337 281//279 282//280 
f 340//338 282//280 283//281 
f 341//339 283//281 284//282 
f 342//340 284//282 285//283 
f 343//341 285//283 286//284 
f 344//342 286//284 287//285 
f 345//343 287//285 288//286 
f 346//344 288//286 289//287 
f 347//345 289//287 290//288 
f 348//346 290//288 291//289 
f 349//347 291//289 234//232 
f 350//348 292//290 293//291 
f 351//349 293//291 294//292 
f 352//350 294//292 295//293 
f 353//351 295//293 296//294 
f 354//352 296//294 297//295 
f 355//353 297//295 298//296 
f 356//354 298//296 299//297 
f 357//355 299//297 300//298 
f 358//356 300//298 301//299 
f 359//357 301//299 302//300 
f 360//358 302//300 303//301 
f 361//359 303//301 304//302 
f 362//360 304//302 305//303 
f 363//361 305//303 306//304 
f 364//362 306//304 307//305 
f 365//363 307//305 308//306 
f 366//364 308//306 309//307 
f 367//365 309//307 310//308 
f 368//366 310//308 311//309 
f 369//367 311//309 312//310 
f 370//368 312//310 313//311 
f 371//369 313//311 314//312 
f 372//370 314//312 315//313 
f 373//371 315//313 316//314 
f 374//372 316//314 317//315 
f 375//373 317//315 318//316 
f 376//374 318//316 319//317 
f 377//375 319//317 320//318 
f 378//376 320//318 321//319 
f 379//377 321//319 322//320 
f 380//378 322//320 323//321 
f 381//379 323//321 324//322 
f 382//380 324//322 325//323 
f 383//381 325//323 326//324 
f 384//382 326//324 327//325 
f 385//383 327//325 328//326 
f 386//384 328//326 329//327 
f 387//385 329//327 330//328 
f 388//386 330//328 331//329 
f 389//387 331//329 332//330 
f 390//388 332//330 333//331 
f 391//389 333//331 334//332 
f 392//390 334//332 335//333 
f 393//391 335//333 336//334 
f 394//392 336//334 337//335 
f 395//393 337//335 338//336 
f 396//394 338//336 339//337 
f 397//395 339//337 340//338 
f 398//396 340//338 341//339 
f 399//397 341//339 342//340 
f 400//398 342//340 343//341 
f 401//399 343//341 344//342 
f 402//400 344//342 345//343 
f 403//401 345//343 346//344 
f 404//402 346//344 347//345 
f 405//403 347//345 348//346 
f 406//404 348//346 349//347 
f 407//405 349//347 292//290 
f 408//406 350//348 351//349 
f 409//407 351//349 352//350 
f 410//408 352//350 353//351 
f 411//409 353//351 354//352 
f 412//410 354//352 355//353 
f 413//411 355//353 356//354 
f 414//412 356//354 357//355 
f 415//413 357//355 358//356 
f 416//414 358//356 359//357 
f 417//415 359//357 360//358 
f 418//416 360//358 361//359 
f 419//417 361//359 362//360 
f 420//418 362//360 363//361 
f 421//419 363//361 364//362 
f 422//420 364//362 365//363 
f 423//421 365//363 366//364 
f 424//422 366//364 367//365 
f 425//423 367//365 368//366 
f 426//424 368//366 369//367 
f 427//425 369//367 370//368 
f 428//426 370//368 371//369 
f 429//427 371//369 372//370 
f 430//428 372//370 373//371 
f 431//429 373//371 374//372 
f 432//430 374//372 375//373 
f 433//431 375//373 376//374 
f 434//432 376//374 377//375 
f 435//433 377//375 378//376 
f 436//434 378//376 379//377 
f 437//435 379//377 380//378 
f 438//436 380//378 381//379 
f 439//437 381//379 382//380 
f 440//438 382//380 383//381 
f 441//439 383//381 384//382 
f 442//440 384//382 385//383 
f 443//441 385//383 386//384 
f 444//442 386//384 387//385 
f 445//443 387//385 388//386 
f 446//444 388//386 389//387 
f 447//445 389//387 390//388 
f 448//446 390//388 391//389 
f 449//447 391//389 392//390 
f 450//448 392//390 393//391 
f 451//449 393//391 394//392 
f 452//450 394//392 395//393 
f 453//451 395//393 396//394 
f 454//452 396//394 397//395 
f 455//453 397//395 398//396 
f 456//454 398//396 399//397 
f 457//455 399//397 400//398 
f 458//456 400//398 401//399 
f 459//457 401//399 402//400 
f 460//458 402//400 403//401 
f 461//459 403//401 404//402 
f 462//460 404//402 405//403 
f 463//461 405//403 406//404 
f 464//462 406//404 407//405 
f 465//463 407//405 350//348 
f 466//464 408//406 409//407 
f 467//465 409//407 410//408 
f 468//466 410//408 411//409 
f 469//467 411//409 412//410 
f 470//468 412//410 413//411 
f 471//469 413//411 414//412 
f 472//470 414//412 415//413 
f 473//471 415//413 416//414 
f 474//472 416//414 417//415 
f 475//473 417//415 418//416 
f 476//474 418//416 419//417 
f 477//475 419//417 420//418 
f 478//476 420//418 421//419 
f 479//477 421//419 422//420 
f 480//478 422//420 423//421 
f 481//479 423//421 424//422 
f 482//480 424//422 425//423 
f 483//481 425//423 426//424 
f 484//482 426//424 427//425 
f 485//483 427//425 428//426 
f 486//484 428//426 429//427 
f 487//485 429//427 430//428 
f 488//486 430//428 431//429 
f 489//487 431//429 432//430 
f 490//488 432//430 433//431 
f 491//489 433//431 434//432 
f 492//490 434//432 435//433 
f 493//491 435//433 436//434 
f 494//492 436//434 437//435 
f 495//493 437//435 438//436 
f 496//494 438//436 439//437 
f 497//495 439//437 440//438 
f 498//496 440//438 441//439 
f 499//497 441//439 442//440 
f 500//498 442//440 443//441 
f 501//499 443//441 444//442 
f 502//500 444//442 445//443 
f 503//501 445//443 446//444 
f 504//502 446//444 447//445 
f 505//503 447//445 448//446 
f 506//504 448//446 449//447 
f 507//505 449//447 450//448 
f 508//506 450//448 451//449 
f 509//507 451//449 452//450 
f 510//508 452//450 453//451 
f 511//509 453//451 454//452 
f 512//510 454//452 455//453 
f 513//511 455//453 456//454 
f 514//512 456//454 457//455 
f 515//513 457//455 458//456 
f 516//514 458//456 459//457 
f 517//515 459//457 460//458 
f 518//516 460//458 461//459 
f 519//517 461//459 462//460 
f 520//518 462//460 463//461 
f 521//519 463//461 464//462 
f 522//520 464//462 465//463 
f 523//521 465//463 408//406 
f 524//522 466//464 467//465 
f 525//523 467//465 468//466 
f 526//524 468//466 469//467 
f 527//525 469//467 470//468 
f 528//526 470//468 471//469 
f 529//527 471//469 472//470 
f 530//528 472//470 473//471 
f 531//529 473//471 474//472 
f 532//530 474//472 475//473 
f 533//531 475//473 476//474 
f 534//532 476//474 477//475 
f 535//533 477//475 478//476 
f 536//534 478//476 479//477 
f 537//535 479//477 480//478 
f 538//536 480//478 481//479 
f 539//537 481//479 482//480 
f 540//538 482//480 483//481 
f 541//539 483//481 484//482 
f 542//540 484//482 485//483 
f 543//541 485//483 486//484 
f 544//542 486//484 487//485 
f 545//543 487//485 488//486 
f 546//544 488//486 489//487 
f 547//545 489//487 490//488 
f 548//546 490//488 491//489 
f 549//547 491//489 492//490 
f 550//548 492//490 493//491 
f 551//549 493//491 494//492 
f 552//550 494//492 495//493 
f 553//551 495//493 496//494 
f 554//552 496//494 497//495 
f 555//553 497//495 498//496 
f 556//554 498//496 499//497 
f 557//555 499//497 500//498 
f 558//556 500//498 501//499 
f 559//557 501//499 502//500 
f 560//558 502//500 503//501 
f 561//559 503//501 504//502 
f 562//560 504//502 505//503 
f 563//561 505//503 506//504 
f 564//562 506//504 507//505 
f 565//563 507//505 508//506 
f 566//564 508//506 509//507 
f 567//565 509//507 510//508 
f 568//566 510//508 511//509 
f 569//567 511//509 512//510 
f 570//568 512//510 513//511 
f 571//569 513//511 514//512 
f 572//570 514//512 515//513 
f 573//571 515//513 516//514 
f 574//572 516//514 517//515 
f 575//573 517//515 518//516 
f 576//574 518//516 519//517 
f 577//575 519//517 520//518 
f 578//576 520//518 521//519 
f 579//577 521//519 522//520 
f 580//578 522//520 523//521 
f 581//579 523//521 466//464 
f 582//580 524//522 525//523 
f 583//581 525//523 526//524 
f 584//582 526//524 527//525 
f 585//583 527//525 528//526 
f 586//584 528//526 529//527 
f 587//585 529//527 530//528 
f 588//586 530//528 531//529 
f 589//587 531//529 532//530 
f 590//588 532//530 533//531 
f 591//589 533//531 534//532 
f 592//590 534//532 535//533 
f 593//591 535//533 536//534 
f 594//592 536//534 537//535 
f 595//593 537//535 538//536 
f 596//594 538//536 539//537 
f 597//595 539//537 540//538 
f 598//596 540//538 541//539 
f 599//597 541//539 542//540 
f 600//598 542//540 543//541 
f 601//599 543//541 544//542 
f 602//600 544//542 545//543 
f 603//601 545//543 546//544 
f 604//602 546//544 547//545 
f 605//603 547//545 548//546 
f 606//604 548//546 549//547 
f 607//605 549//547 550//548 
f 608//606 550//548 551//549 
f 609//607 551//549 552//550 
f 610//608 552//550 553//551 
f 611//609 553//551 554//552 
f 612//610 554//552 555//553 
f 613//611 555//553 556//554 
f 614//612 556//554 557//555 
f 615//613 557//555 558//556 
f 616//614 558//556 559//557 
f 617//615 559//557 560//558 
f 618//616 560//558 561//559 
f 619//617 561//559 562//560 
f 620//618 562//560 563//561 
f 621//619 563//561 564//562 
f 622//620 564//562 565//563 
f 623//621 565//563 566//564 
f 624//622 566//564 567//565 
f 625//623 567//565 568//566 
f 626//624 568//566 569//567 
f 627//625 569//567 570//568 
f 628//626 570//568 571//569 
f 629//627 571//569 572//570 
f 630//628 572//570 573//571 
f 631//629 573//571 574//572 
f 632//630 574//572 575//573 
f 633//631 575//573 576//574 
f 634//632 576//574 577//575 
f 635//633 577//575 578//576 
f 636//634 578//576 579//577 
f 637//635 579//577 580//578 
f 638//636 580//578 581//579 
f 639//637 581//579 524//522 
f 640//638 582//580 583//581 
f 641//639 583//581 584//582 
f 642//640 584//582 585//583 
f 643//641 585//583 586//584 
f 644//642 586//584 587//585 
f 645//643 587//585 588//586 
f 646//644 588//586 589//587 
f 647//645 589//587 590//588 
f 648//646 590//588 591//589 
f 649//647 591//589 592//590 
f 650//648 592//590 593//591 
f 651//649 593//591 594//592 
f 652//650 594//592 595//593 
f 653//651 595//593 596//594 
f 654//652 596//594 597//595 
f 655//653 597//595 598//596 
f 656//654 598//596 599//597 
f 657//655 599//597 600//598 
f 658//656 600//598 601//599 
f 659//657 601//599 602//600 
f 660//658 602//600 603//601 
f 661//659 603//601 604//602 
f 662//660 604//602 605//603 
f 663//661 605//603 606//604 
f 664//662 606//604 607//605 
f 665//663 607//605 608//606 
f 666//664 608//606 609//607 
f 667//665 609//607 610//608 
f 668//666 610//608 611//609 
f 669//667 611//609 612//610 
f 670//668 612//610 613//611 
f 671//669 613//611 614//612 
f 672//670 614//612 615//613 
f 673//671 615//613 616//614 
f 674//672 616//614 617//615 
f 675//673 617//615 618//616 
f 676//674 618//616 619//617 
f 677//675 619//617 620//618 
f 678//676 620//618 621//619 
f 679//677 621//619 622//620 
f 680//678 622//620 623//621 
f 681//679 623//621 624//622 
f 682//680 624//622 625//623 
f 683//681 625//623 626//624 
f 684//682 626//624 627//625 
f 685//683 627//625 628//626 
f 686//684 628//626 629//627 
f 687//685 629//627 630//628 
f 688//686 630//628 631//629 
f 689//687 631//629 632//630 
f 690//688 632//630 633//631 
f 691//689 633//631 634//632 
f 692//690 634//632 635//633 
f 693//691 635//633 636//634 
f 694//692 636//634 637//635 
f 695//693 637//635 638//636 
f 696//694 638//636 639//637 
f 697//695 639//637 582//580 
f 698//696 640//638 641//639 
f 699//697 641//639 642//640 
f 700//698 642//640 643//641 
f 701//699 643//641 644//642 
f 702//700 644//642 645//643 
f 703//701 645//643 646//644 
f 704//702 646//644 647//645 
f 705//703 647//645 648//646 
f 706//704 648//646 649//647 
f 707//705 649//647 650//648 
f 708//706 650//648 651//649 
f 709//707 651//649 652//650 
f 710//708 652//650 653//651 
f 711//709 653//651 654//652 
f 712//710 654//652 655//653 
f 713//711 655//653 656//654 
f 714//712 656//654 657//655 
f 715//713 657//655 658//656 
f 716//714 658//656 659//657 
f 717//715 659//657 660//658 
f 718//716 660//658 661//659 
f 719//717 661//659 662//660 
f 720//718 662//660 663//661 
f 721//719 663//661 664//662 
f 722//720 664//662 665//663 
f 723//721 665//663 666//664 
f 724//722 666//664 667//665 
f 725//723 667//665 668//666 
f 726//724 668//666 669//667 
f 727//725 669//667 670//668 
f 728//726 670//668 671//669 
f 729//727 671//669 672//670 
f 730//728 672//670 673//671 
f 731//729 673//671 674//672 
f 732//730 674//672 675//673 
f 733//731 675//673 676//674 
f 734//732 676//674 677//675 
f 735//733 677//675 678//676 
f 736//734 678//676 679//677 
f 737//735 679//677 680//678 
f 738//736 680//678 681//679 
f 739//737 681//679 682//680 
f 740//738 682//680 683//681 
f 741//739 683//681 684//682 
f 742//740 684//682 685//683 
f 743//741 685//683 686//684 
f 744//742 686//684 687//685 
f 745//743 687//685 688//686 
f 746//744 688//686 689//687 
f 747//745 689//687 690//688 
f 748//746 690//688 691//689 
f 749//747 691//689 692//690 
f 750//748 692//690 693//691 
f 751//749 693//691 694//692 
f 752//750 694//692 695//693 
f 753//751 695//693 696//694 
f 754//752 696//694 697//695 
f 755//753 697//695 640//638 
f 756//754 698//696 699//697 
f 757//755 699//697 700//698 
f 758//756 700//698 701//699 
f 759//757 701//699 702//700 
f 760//758 702//700 703//701 
f 761//759 703//701 704//702 
f 762//760 704//702 705//703 
f 763//761 705//703 706//704 
f 764//762 706//704 707//705 
f 765//763 707//705 708//706 
f 766//764 708//706 709//707 
f 767//765 709//707 710//708 
f 768//766 710//708 711//709 
f 769//767 711//709 712//710 
f 770//768 712//710 713//711 
f 771//769 713//711 714//712 
f 772//770 714//712 715//713 
f 773//771 715//713 716//714 
f 774//772 716//714 717//715 
f 775//773 717//715 718//716 
f 776//774 718//716 719//717 
f 777//775 719//717 720//718 
f 778//776 720//718 721//719 
f 779//777 721//719 722//720 
f 780//778 722//720 723//721 
f 781//779 723//721 724//722 
f 782//780 724//722 725//723 
f 783//781 725//723 726//724 
f 784//782 726//724 727//725 
f 785//783 727//725 728//726 
f 786//784 728//726 729//727 
f 787//785 729//727 730//728 
f 788//786 730//728 731//729 
f 789//787 731//729 732//730 
f 790//788 732//730 733//731 
f 791//789 733//731 734//732 
f 792//790 734//732 735//733 
f 793//791 735//733 736//734 
f 794//792 736//734 737//735 
f 795//793 737//735 738//736 
f 796//794 738//736 739//737 
f 797//795 739//737 740//738 
f 798//796 740//738 741//739 
f 799//797 741//739 742//740 
f 800//798 742//740 743//741 
f 801//799 743//741 744//742 
f 802//800 744//742 745//743 
f 803//801 745//743 746//744 
f 804//802 746//744 747//745 
f 805//803 747//745 748//746 
f 806//804 748//746 749//747 
f 807//805 749//747 750//748 
f 808//806 750//748 751//749 
f 809//807 751//749 752//750 
f 810//808 752//750 753//751 
f 811//809 753//751 754//752 
f 812//810 754//752 755//753 
f 813//811 755//753 698//696 
f 814//812 756//754 757//755 
f 815//813 757//755 758//756 
f 816//814 758//756 759//757 
f 817//815 759//757 760//758 
f 818//816 760//758 761//759 
f 819//817 761//759 762//760 
f 820//818 762//760 763//761 
f 821//819 763//761 764//762 
f 822//820 764//762 765//763 
f 823//821 765//763 766//764 
f 824//822 766//764 767//765 
f 825//823 767//765 768//766 
f 826//824 768//766 769//767 
f 827//825 769//767 770//768 
f 828//826 770//768 771//769 
f 829//827 771//769 772//770 
f 830//828 772//770 773//771 
f 831//829 773//771 774//772 
f 832//830 774//772 775//773 
f 833//831 775//773 776//774 
f 834//832 776//774 777//775 
f 835//833 777//775 778//776 
f 836//834 778//776 779//777 
f 837//835 779//777 780//778 
f 838//836 780//778 781//779 
f 839//837 781//779 782//780 
f 840//838 782//780 783//781 
f 841//839 783//781 784//782 
f 842//840 784//782 785//783 
f 843//841 785//783 786//784 
f 844//842 786//784 787//785 
f 845//843 787//785 788//786 
f 846//844 788//786 789//787 
f 847//845 789//787 790//788 
f 848//846 790//788 791//789 
f 849//847 791//789 792//790 
f 850//848 792//790 793//791 
f 851//849 793//791 794//792 
f 852//850 794//792 795//793 
f 853//851 795//793 796//794 
f 854//852 796//794 797//795 
f 855//853 797//795 798//796 
f 856//854 798//796 799//797 
f 857//855 799//797 800//798 
f 858//856 800//798 801//799 
f 859//857 801//799 802//800 
f 860//858 802//800 803//801 
f 861//859 803//801 804//802 
f 862//860 804//802 805//803 
f 863//861 805//803 806//804 
f 864//862 806//804 807//805 
f 865//863 807//805 808//806 
f 866//864 808//806 809//807 
f 867//865 809//807 810//808 
f 868//866 810//808 811//809 
f 869//867 811//809 812//810 
f 870//868 812//810 813//811 
f 871//869 813//811 756//754 
f 872//870 814//812 815//813 
f 873//871 815//813 816//814 
f 874//872 816//814 817//815 
f 875//873 817//815 818//816 
f 876//874 818//816 819//817 
f 877//875 819//817 820//818 
f 878//876 820//818 821//819 
f 879//877 821//819 822//820 
f 880//878 822//820 823//821 
f 881//879 823//821 824//822 
f 882//880 824//822 825//823 
f 883//881 825//823 826//824 
f 884//882 826//824 827//825 
f 885//883 827//825 828//826 
f 886//884 828//826 829//827 
f 887//885 829//827 830//828 
f 888//886 830//828 831//829 
f 889//887 831//829 832//830 
f 890//888 832//830 833//831 
f 891//889 833//831 834//832 
f 892//890 834//832 835//833 
f 893//891 835//833 836//834 
f 894//892 836//834 837//835 
f 895//893 837//835 838//836 
f 896//894 838//836 839//837 
f 897//895 839//837 840//838 
f 898//896 840//838 841//839 
f 899//897 841//839 842//840 
f 900//898 842//840 843//841 
f 901//899 843//841 844//842 
f 902//900 844//842 845//843 
f 903//901 845//843 846//844 
f 904//902 846//844 847//845 
f 905//903 847//845 848//846 
f 906//904 848//846 849//847 
f 907//905 849//847 850//848 
f 908//906 850//848 851//849 
f 909//907 851//849 852//850 
f 910//908 852//850 853//851 
f 911//909 853//851 854//852 
f 912//910 854//852 855//853 
f 913//911 855//853 856//854 
f 914//912 856//854 857//855 
f 915//913 857//855 858//856 
f 916//914 858//856 859//857 
f 917//915 859//857 860//858 
f 918//916 860//858 861//859 
f 919//917 861//859 862//860 
f 920//918 862//860 863//861 
f 921//919 863//861 864//862 
f 922//920 864//862 865//863 
f 923//921 865//863 866//864 
f 924//922 866//864 867//865 
f 925//923 867//865 868//866 
f 926//924 868//866 869//867 
f 927//925 869//867 870//868 
f 928//926 870//868 871//869 
f 929//927 871//869 814//812 
f 930//928 872//870 873//871 
f 931//929 873//871 874//872 
f 932//930 874//872 875//873 
f 933//931 875//873 876//874 
f 934//932 876//874 877//875 
f 935//933 877//875 878//876 
f 936//934 878//876 879//877 
f 937//935 879//877 880//878 
f 938//936 880//878 881//879 
f 939//937 881//879 882//880 
f 940//938 882//880 883//881 
f 941//939 883//881 884//882 
f 942//940 884//882 885//883 
f 943//941 885//883 886//884 
f 944//942 886//884 887//885 
f 945//943 887//885 888//886 
f 946//944 888//886 889//887 
f 947//945 889//887 890//888 
f 948//946 890//888 891//889 
f 949//947 891//889 892//890 
f 950//948 892//890 893//891 
f 951//949 893//891 894//892 
f 952//950 894//892 895//893 
f 953//951 895//893 896//894 
f 954//952 896//894 897//895 
f 955//953 897//895 898//896 
f 956//954 898//896 899//897 
f 957//955 899//897 900//898 
f 958//956 900//898 901//899 
f 959//957 901//899 902//900 
f 960//958 902//900 903//901 
f 961//959 903//901 904//902 
f 962//960 904//902 905//903 
f 963//961 905//903 906//904 
f 964//962 906//904 907//905 
f 965//963 907//905 908//906 
f 966//964 908//906 909//907 
f 967//965 909//907 910//908 
f 968//966 910//908 911//909 
f 969//967 911//909 912//910 
f 970//968 912//910 913//911 
f 971//969 913//911 914//912 
f 972//970 914//912 915//913 
f 973//971 915//913 916//914 
f 974//972 916//914 917//915 
f 975//973 917//915 918//916 
f 976//974 918//916 919//917 
f 977//975 919//917 920//918 
f 978//976 920//918 921//919 
f 979//977 921//919 922//920 
f 980//978 922//920 923//921 
f 981//979 923//921 924//922 
f 982//980 924//922 925//923 
f 983//981 925//923 926//924 
f 984//982 926//924 927//925 
f 985//983 927//925 928//926 
f 986//984 928//926 929//927 
f 987//985 929//927 872//870 
f 988//986 930//928 931//929 
f 989//987 931//929 932//930 
f 990//988 932//930 933//931 
f 991//989 933//931 934//932 
f 992//990 934//932 935//933 
f 993//991 935//933 936//934 
f 994//992 936//934 937//935 
f 995//993 937//935 938//936 
f 996//994 938//936 939//937 
f 997//995 939//937 940//938 
f 998//996 940//938 941//939 
f 999//997 941//939 942//940 
f 1000//998 942//940 943//941 
f 1001//999 943//941 944//942 
f 1002//1000 944//942 945//943 
f 1003//1001 945//943 946//944 
f 1004//1002 946//944 947//945 
f 1005//1003 947//945 948//946 
f 1006//1004 948//946 949//947 
f 1007//1005 949//947 950//948 
f 1008//1006 950//948 951//949 
f 1009//1007 951//949 952//950 
f 1010//1008 952//950 953//951 
f 1011//1009 953//951 954//952 
f 1012//1010 954//952 955//953 
f 1013//1011 955//953 956//954 
f 1014//1012 956//954 957//955 
f 1015//1013 957//955 958//956 
f 1016//1014 958//956 959//957 
f 1017//1015 959//957 960//958 
f 1018//1016 960//958 961//959 
f 1019//1017 961//959 962//960 
f 1020//1018 962//960 963//961 
f 1021//1019 963//961 964//962 
f 1022//1020 964//962 965//963 
f 1023//1021 965//963 966//964 
f 1024//1022 966//964 967//965 
f 1025//1023 967//965 968//966 
f 1026//1024 968//966 969//967 
f 1027//1025 969//967 970//968 
f 1028//1026 970//968 971//969 
f 1029//1027 971//969 972//970 
f 1030//1028 972//970 973//971 
f 1031//1029 973//971 974//972 
f 1032//1030 974//972 975//973 
f 1033//1031 975//973 976//974 
f 1034//1032 976//974 977//975 
f 1035//1033 977//975 978//976 
f 1036//1034 978//976 979//977 
f 1037//1035 979//977 980//978 
f 1038//1036 980//978 981//979 
f 1039//1037 981//979 982//980 
f 1040//1038 982//980 983//981 
f 1041//1039 983//981 984//982 
f 1042//1040 984//982 985//983 
f 1043//1041 985//983 986//984 
f 1044//1042 986//984 987//985 
f 1045//1043 987//985 930//928 
f 1046//1044 988//986 989//987 
f 1047//1045 989//987 990//988 
f 1048//1046 990//988 991//989 
f 1049//1047 991//989 992//990 
f 1050//1048 992//990 993//991 
f 1051//1049 993//991 994//992 
f 1052//1050 994//992 995//993 
f 1053//1051 995//993 996//994 
f 1054//1052 996//994 997//995 
f 1055//1053 997//995 998//996 
f 1056//1054 998//996 999//997 
f 1057//1055 999//997 1000//998 
f 1058//1056 1000//998 1001//999 
f 1059//1057 1001//999 1002//1000 
f 1060//1058 1002//1000 1003//1001 
f 1061//1059 1003//1001 1004//1002 
f 1062//1060 1004//1002 1005//1003 
f 1063//1061 1005//1003 1006//1004 
f 1064//1062 1006//1004 1007//1005 
f 1065//1063 1007//1005 1008//1006 
f 1066//1064 1008//1006 1009//1007 
f 1067//1065 1009//1007 1010//1008 
f 1068//1066 1010//1008 1011//1009 
f 1069//1067 1011//1009 1012//1010 
f 1070//1068 1012//1010 1013//1011 
f 1071//1069 1013//1011 1014//1012 
f 1072//1070 1014//1012 1015//1013 
f 1073//1071 1015//1013 1016//1014 
f 1074//1072 1016//1014 1017//1015 
f 1075//1073 1017//1015 1018//1016 
f 1076//1074 1018//1016 1019//1017 
f 1077//1075 1019//1017 1020//1018 
f 1078//1076 1020//1018 1021//1019 
f 1079//1077 1021//1019 1022//1020 
f 1080//1078 1022//1020 1023//1021 
f 1081//1079 1023//1021 1024//1022 
f 1082//1080 1024//1022 1025//1023 
f 1083//1081 1025//1023 1026//1024 
f 1084//1082 1026//1024 1027//1025 
f 1085//1083 1027//1025 1028//1026 
f 1086//1084 1028//1026 1029//1027 
f 1087//1085 1029//1027 1030//1028 
f 1088//1086 1030//1028 1031//1029 
f 1089//1087 1031//1029 1032//1030 
f 1090//1088 1032//1030 1033//1031 
f 1091//1089 1033//1031 1034//1032 
f 1092//1090 1034//1032 1035//1033 
f 1093//1091 1035//1033 1036//1034 
f 1094//1092 1036//1034 1037//1035 
f 1095//1093 1037//1035 1038//1036 
f 1096//1094 1038//1036 1039//1037 
f 1097//1095 1039//1037 1040//1038 
f 1098//1096 1040//1038 1041//1039 
f 1099//1097 1041//1039 1042//1040 
f 1100//1098 1042//1040 1043//1041 
f 1101//1099 1043//1041 1044//1042 
f 1102//1100 1044//1042 1045//1043 
f 1103//1101 1045//1043 988//986 
f 1104//1102 1046//1044 1047//1045 
f 1105//1103 1047//1045 1048//1046 
f 1106//1104 1048//1046 1049//1047 
f 1107//1105 1049//1047 1050//1048 
f 1108//1106 1050//1048 1051//1049 
f 1109//1107 1051//1049 1052//1050 
f 1110//1108 1052//1050 1053//1051 
f 1111//1109 1053//1051 1054//1052 
f 1112//1110 1054//1052 1055//1053 
f 1113//1111 1055//1053 1056//1054 
f 1114//1112 1056//1054 1057//1055 
f 1115//1113 1057//1055 1058//1056 
f 1116//1114 1058//1056 1059//1057 
f 1117//1115 1059//1057 1060//1058 
f 1118//1116 1060//1058 1061//1059 
f 1119//1117 1061//1059 1062//1060 
f 1120//1118 1062//1060 1063//1061 
f 1121//1119 1063//1061 1064//1062 
f 1122//1120 1064//1062 1065//1063 
f 1123//1121 1065//1063 1066//1064 
f 1124//1122 1066//1064 1067//1065 
f 1125//1123 1067//1065 1068//1066 
f 1126//1124 1068//1066 1069//1067 
f 1127//1125 1069//1067 1070//1068 
f 1128//1126 1070//1068 1071//1069 
f 1129//1127 1071//1069 1072//1070 
f 1130//1128 1072//1070 1073//1071 
f 1131//1129 1073//1071 1074//1072 
f 1132//1130 1074//1072 1075//1073 
f 1133//1131 1075//1073 1076//1074 
f 1134//1132 1076//1074 1077//1075 
f 1135//1133 1077//1075 1078//1076 
f 1136//1134 1078//1076 1079//1077 
f 1137//1135 1079//1077 1080//1078 
f 1138//1136 1080//1078 1081//1079 
f 1139//1137 1081//1079 1082//1080 
f 1140//1138 1082//1080 1083//1081 
f 1141//1139 1083//1081 1084//1082 
f 1142//1140 1084//1082 1085//1083 
f 1143//1141 1085//1083 1086//1084 
f 1144//1142 1086//1084 1087//1085 
f 1145//1143 1087//1085 1088//1086 
f 1146//1144 1088//1086 1089//1087 
f 1147//1145 1089//1087 1090//1088 
f 1148//1146 1090//1088 1091//1089 
f 1149//1147 1091//1089 1092//1090 
f 1150//1148 1092//1090 1093//1091 
f 1151//1149 1093//1091 1094//1092 
f 1152//1150 1094//1092 1095//1093 
f 1153//1151 1095//1093 1096//1094 
f 1154//1152 1096//1094 1097//1095 
f 1155//1153 1097//1095 1098//1096 
f 1156//1154 1098//1096 1099//1097 
f 1157//1155 1099//1097 1100//1098 
f 1158//1156 1100//1098 1101//1099 
f 1159//1157 1101//1099 1102//1100 
f 1160//1158 1102//1100 1103//1101 
f 1161//1159 1103//1101 1046//1044 
f 1162//1160 1104//1102 1105//1103 
f 1163//1161 1105//1103 1106//1104 
f 1164//1162 1106//1104 1107//1105 
f 1165//1163 1107//1105 1108//1106 
f 1166//1164 1108//1106 1109//1107 
f 1167//1165 1109//1107 1110//1108 
f 1168//1166 1110//1108 1111//1109 
f 1169//1167 1111//1109 1112//1110 
f 1170//1168 1112//1110 1113//1111 
f 1171//1169 1113//1111 1114//1112 
f 1172//1170 1114//1112 1115//1113 
f 1173//1171 1115//1113 1116//1114 
f 1174//1172 1116//1114 1117//1115 
f 1175//1173 1117//1115 1118//1116 
f 1176//1174 1118//1116 1119//1117 
f 1177//1175 1119//1117 1120//1118 
f 1178//1176 1120//1118 1121//1119 
f 1179//1177 1121//1119 1122//1120 
f 1180//1178 1122//1120 1123//1121 
f 1181//1179 1123//1121 1124//1122 
f 1182//1180 1124//1122 1125//1123 
f 1183//1181 1125//1123 1126//1124 
f 1184//1182 1126//1124 1127//1125 
f 1185//1183 1127//1125 1128//1126 
f 1186//1184 1128//1126 1129//1127 
f 1187//1185 1129//1127 1130//1128 
f 1188//1186 1130//1128 1131//1129 
f 1189//1187 1131//1129 1132//1130 
f 1190//1188 1132//1130 1133//1131 
f 1191//1189 1133//1131 1134//1132 
f 1192//1190 1134//1132 1135//1133 
f 1193//1191 1135//1133 1136//1134 
f 1194//1192 1136//1134 1137//1135 
f 1195//1193 1137//1135 1138//1136 
f 1196//1194 1138//1136 1139//1137 
f 1197//1195 1139//1137 1140//1138 
f 1198//1196 1140//1138 1141//1139 
f 1199//1197 1141//1139 1142//1140 
f 1200//1198 1142//1140 1143//1141 
f 1201//1199 1143//1141 1144//1142 
f 1202//1200 1144//1142 1145//1143 
f 1203//1201 1145//1143 1146//1144 
f 1204//1202 1146//1144 1147//1145 
f 1205//1203 1147//1145 1148//1146 
f 1206//1204 1148//1146 1149//1147 
f 1207//1205 1149//1147 1150//1148 
f 1208//1206 1150//1148 1151//1149 
f 1209//1207 1151//1149 1152//1150 
f 1210//1208 1152//1150 1153//1151 
f 1211//1209 1153//1151 1154//1152 
f 1212//1210 1154//1152 1155//1153 
f 1213//1211 1155//1153 1156//1154 
f 1214//1212 1156//1154 1157//1155 
f 1215//1213 1157//1155 1158//1156 
f 1216//1214 1158//1156 1159//1157 
f 1217//1215 1159//1157 1160//1158 
f 1218//1216 1160//1158 1161//1159 
f 1219//1217 1161//1159 1104//1102 
f 1220//1218 1162//1160 1163//1161 
f 1221//1219 1163//1161 1164//1162 
f 1222//1220 1164//1162 1165//1163 
f 1223//1221 1165//1163 1166//1164 
f 1224//1222 1166//1164 1167//1165 
f 1225//1223 1167//1165 1168//1166 
f 1226//1224 1168//1166 1169//1167 
f 1227//1225 1169//1167 1170//1168 
f 1228//1226 1170//1168 1171//1169 
f 1229//1227 1171//1169 1172//1170 
f 1230//1228 1172//1170 1173//1171 
f 1231//1229 1173//1171 1174//1172 
f 1232//1230 1174//1172 1175//1173 
f 1233//1231 1175//1173 1176//1174 
f 1234//1232 1176//1174 1177//1175 
f 1235//1233 1177//1175 1178//1176 
f 1236//1234 1178//1176 1179//1177 
f 1237//1235 1179//1177 1180//1178 
f 1238//1236 1180//1178 1181//1179 
f 1239//1237 1181//1179 1182//1180 
f 1240//1238 1182//1180 1183//1181 
f 1241//1239 1183//1181 1184//1182 
f 1242//1240 1184//1182 1185//1183 
f 1243//1241 1185//1183 1186//1184 
f 1244//1242 1186//1184 1187//1185 
f 1245//1243 1187//1185 1188//1186 
f 1246//1244 1188//1186 1189//1187 
f 1247//1245 1189//1187 1190//1188 
f 1248//1246 1190//1188 1191//1189 
f 1249//1247 1191//1189 1192//1190 
f 1250//1248 1192//1190 1193//1191 
f 1251//1249 1193//1191 1194//1192 
f 1252//1250 1194//1192 1195//1193 
f 1253//1251 1195//1193 1196//1194 
f 1254//1252 1196//1194 1197//1195 
f 1255//1253 1197//1195 1198//1196 
f 1256//1254 1198//1196 1199//1197 
f 1257//1255 1199//1197 1200//1198 
f 1258//1256 1200//1198 1201//1199 
f 1259//1257 1201//1199 1202//1200 
f 1260//1258 1202//1200 1203//1201 
f 1261//1259 1203//1201 1204//1202 
f 1262//1260 1204//1202 1205//1203 
f 1263//1261 1205//1203 1206//1204 
f 1264//1262 1206//1204 1207//1205 
f 1265//1263 1207//1205 1208//1206 
f 1266//1264 1208//1206 1209//1207 
f 1267//1265 1209//1207 1210//1208 
f 1268//1266 1210//1208 1211//1209 
f 1269//1267 1211//1209 1212//1210 
f 1270//1268 1212//1210 1213//1211 
f 1271//1269 1213//1211 1214//1212 
f 1272//1270 1214//1212 1215//1213 
f 1273//1271 1215//1213 1216//1214 
f 1274//1272 1216//1214 1217//1215 
f 1275//1273 1217//1215 1218//1216 
f 1276//1274 1218//1216 1219//1217 
f 1277//1275 1219//1217 1162//1160 
f 1278//1276 1220//1218 1221//1219 
f 1279//1277 1221//1219 1222//1220 
f 1280//1278 1222//1220 1223//1221 
f 1281//1279 1223//1221 1224//1222 
f 1282//1280 1224//1222 1225//1223 
f 1283//1281 1225//1223 1226//1224 
f 1284//1282 1226//1224 1227//1225 
f 1285//1283 1227//1225 1228//1226 
f 1286//1284 1228//1226 1229//1227 
f 1287//1285 1229//1227 1230//1228 
f 1288//1286 1230//1228 1231//1229 
f 1289//1287 1231//1229 1232//1230 
f 1290//1288 1232//1230 1233//1231 
f 1291//1289 1233//1231 1234//1232 
f 1292//1290 1234//1232 1235//1233 
f 1293//1291 1235//1233 1236//1234 
f 1294//1292 1236//1234 1237//1235 
f 1295//1293 1237//1235 1238//1236 
f 1296//1294 1238//1236 1239//1237 
f 1297//1295 1239//1237 1240//1238 
f 1298//1296 1240//1238 1241//1239 
f 1299//1297 1241//1239 1242//1240 
f 1300//1298 1242//1240 1243//1241 
f 1301//1299 1243//1241 1244//1242 
f 1302//1300 1244//1242 1245//1243 
f 1303//1301 1245//1243 1246//1244 
f 1304//1302 1246//1244 1247//1245 
f 1305//1303 1247//1245 1248//1246 
f 1306//1304 1248//1246 1249//1247 
f 1307//1305 1249//1247 1250//1248 
f 1308//1306 1250//1248 1251//1249 
f 1309//1307 1251//1249 1252//1250 
f 1310//1308 1252//1250 1253//1251 
f 1311//1309 1253//1251 1254//1252 
f 1312//1310 1254//1252 1255//1253 
f 1313//1311 1255//1253 1256//1254 
f 1314//1312 1256//1254 1257//1255 
f 1315//1313 1257//1255 1258//1256 
f 1316//1314 1258//1256 1259//1257 
f 1317//1315 1259//1257 1260//1258 
f 1318//1316 1260//1258 1261//1259 
f 1319//1317 1261//1259 1262//1260 
f 1320//1318 1262//1260 1263//1261 
f 1321//1319 1263//1261 1264//1262 
f 1322//1320 1264//1262 1265//1263 
f 1323//1321 1265//1263 1266//1264 
f 1324//1322 1266//1264 1267//1265 
f 1325//1323 1267//1265 1268//1266 
f 1326//1324 1268//1266 1269//1267 
f 1327//1325 1269//1267 1270//1268 
f 1328//1326 1270//1268 1271//1269 
f 1329//1327 1271//1269 1272//1270 
f 1330//1328 1272//1270 1273//1271 
f 1331//1329 1273//1271 1274//1272 
f 1332//1330 1274//1272 1275//1273 
f 1333//1331 1275//1273 1276//1274 
f 1334//1332 1276//1274 1277//1275 
f 1335//1333 1277//1275 1220//1218 
f 1336//1334 1278//1276 1279//1277 
f 1337//1335 1279//1277 1280//1278 
f 1338//1336 1280//1278 1281//1279 
f 1339//1337 1281//1279 1282//1280 
f 1340//1338 1282//1280 1283//1281 
f 1341//1339 1283//1281 1284//1282 
f 1342//1340 1284//1282 1285//1283 
f 1343//1341 1285//1283 1286//1284 
f 1344//1342 1286//1284 1287//1285 
f 1345//1343 1287//1285 1288//1286 
f 1346//1344 1288//1286 1289//1287 
f 1347//1345 1289//1287 1290//1288 
f 1348//1346 1290//1288 1291//1289 
f 1349//1347 1291//1289 1292//1290 
f 1350//1348 1292//1290 1293//1291 
f 1351//1349 1293//1291 1294//1292 
f 1352//1350 1294//1292 1295//1293 
f 1353//1351 1295//1293 1296//1294 
f 1354//1352 1296//1294 1297//1295 
f 1355//1353 1297//1295 1298//1296 
f 1356//1354 1298//1296 1299//1297 
f 1357//1355 1299//1297 1300//1298 
f 1358//1356 1300//1298 1301//1299 
f 1359//1357 1301//1299 1302//1300 
f 1360//1358 1302//1300 1303//1301 
f 1361//1359 1303//1301 1304//1302 
f 1362//1360 1304//1302 1305//1303 
f 1363//1361 1305//1303 1306//1304 
f 1364//1362 1306//1304 1307//1305 
f 1365//1363 1307//1305 1308//1306 
f 1366//1364 1308//1306 1309//1307 
f 1367//1365 1309//1307 1310//1308 
f 1368//1366 1310//1308 1311//1309 
f 1369//1367 1311//1309 1312//1310 
f 1370//1368 1312//1310 1313//1311 
f 1371//1369 1313//1311 1314//1312 
f 1372//1370 1314//1312 1315//1313 
f 1373//1371 1315//1313 1316//1314 
f 1374//1372 1316//1314 1317//1315 
f 1375//1373 1317//1315 1318//1316 
f 1376//1374 1318//1316 1319//1317 
f 1377//1375 1319//1317 1320//1318 
f 1378//1376 1320//1318 1321//1319 
f 1379//1377 1321//1319 1322//1320 
f 1380//1378 1322//1320 1323//1321 
f 1381//1379 1323//1321 1324//1322 
f 1382//1380 1324//1322 1325//1323 
f 1383//1381 1325//1323 1326//1324 
f 1384//1382 1326//1324 1327//1325 
f 1385//1383 1327//1325 1328//1326 
f 1386//1384 1328//1326 1329//1327 
f 1387//1385 1329//1327 1330//1328 
f 1388//1386 1330//1328 1331//1329 
f 1389//1387 1331//1329 1332//1330 
f 1390//1388 1332//1330 1333//1331 
f 1391//1389 1333//1331 1334//1332 
f 1392//1390 1334//1332 1335//1333 
f 1393//1391 1335//1333 1278//1276 
f 1394//1392 1336//1334 1337//1335 
f 1395//1393 1337//1335 1338//1336 
f 1396//1394 1338//1336 1339//1337 
f 1397//1395 1339//1337 1340//1338 
f 1398//1396 1340//1338 1341//1339 
f 1399//1397 1341//1339 1342//1340 
f 1400//1398 1342//1340 1343//1341 
f 1401//1399 1343//1341 1344//1342 
f 1402//1400 1344//1342 1345//1343 
f 1403//1401 1345//1343 1346//1344 
f 1404//1402 1346//1344 1347//1345 
f 1405//1403 1347//1345 1348//1346 
f 1406//1404 1348//1346 1349//1347 
f 1407//1405 1349//1347 1350//1348 
f 1408//1406 1350//1348 1351//1349 
f 1409//1407 1351//1349 1352//1350 
f 1410//1408 1352//1350 1353//1351 
f 1411//1409 1353//1351 1354//1352 
f 1412//1410 1354//1352 1355//1353 
f 1413//1411 1355//1353 1356//1354 
f 1414//1412 1356//1354 1357//1355 
f 1415//1413 1357//1355 1358//1356 
f 1416//1414 1358//1356 1359//1357 
f 1417//1415 1359//1357 1360//1358 
f 1418//1416 1360//1358 1361//1359 
f 1419//1417 1361//1359 1362//1360 
f 1420//1418 1362//1360 1363//1361 
f 1421//1419 1363//1361 1364//1362 
f 1422//1420 1364//1362 1365//1363 
f 1423//1421 1365//1363 1366//1364 
f 1424//1422 1366//1364 1367//1365 
f 1425//1423 1367//1365 1368//1366 
f 1426//1424 1368//1366 1369//1367 
f 1427//1425 1369//1367 1370//1368 
f 1428//1426 1370//1368 1371//1369 
f 1429//1427 1371//1369 1372//1370 
f 1430//1428 1372//1370 1373//1371 
f 1431//1429 1373//1371 1374//1372 
f 1432//1430 1374//1372 1375//1373 
f 1433//1431 1375//1373 1376//1374 
f 1434//1432 1376//1374 1377//1375 
f 1435//1433 1377//1375 1378//1376 
f 1436//1434 1378//1376 1379//1377 
f 1437//1435 1379//1377 1380//1378 
f 1438//1436 1380//1378 1381//1379 
f 1439//1437 1381//1379 1382//1380 
f 1440//1438 1382//1380 1383//1381 
f 1441//1439 1383//1381 1384//1382 
f 1442//1440 1384//1382 1385//1383 
f 1443//1441 1385//1383 1386//1384 
f 1444//1442 1386//1384 1387//1385 
f 1445//1443 1387//1385 1388//1386 
f 1446//1444 1388//1386 1389//1387 
f 1447//1445 1389//1387 1390//1388 
f 1448//1446 1390//1388 1391//1389 
f 1449//1447 1391//1389 1392//1390 
f 1450//1448 1392//1390 1393//1391 
f 1451//1449 1393//1391 1336//1334 
f 1452//1450 1394//1392 1395//1393 
f 1453//1451 1395//1393 1396//1394 
f 1454//1452 1396//1394 1397//1395 
f 1455//1453 1397//1395 1398//1396 
f 1456//1454 1398//1396 1399//1397 
f 1457//1455 1399//1397 1400//1398 
f 1458//1456 1400//1398 1401//1399 
f 1459//1457 1401//1399 1402//1400 
f 1460//1458 1402//1400 1403//1401 
f 1461//1459 1403//1401 1404//1402 
f 1462//1460 1404//1402 1405//1403 
f 1463//1461 1405//1403 1406//1404 
f 1464//1462 1406//1404 1407//1405 
f 1465//1463 1407//1405 1408//1406 
f 1466//1464 1408//1406 1409//1407 
f 1467//1465 1409//1407 1410//1408 
f 1468//1466 1410//1408 1411//1409 
f 1469//1467 1411//1409 1412//1410 
f 1470//1468 1412//1410 1413//1411 
f 1471//1469 1413//1411 1414//1412 
f 1472//1470 1414//1412 1415//1413 
f 1473//1471 1415//1413 1416//1414 
f 1474//1472 1416//1414 1417//1415 
f 1475//1473 1417//1415 1418//1416 
f 1476//1474 1418//1416 1419//1417 
f 1477//1475 1419//1417 1420//1418 
f 1478//1476 1420//1418 1421//1419 
f 1479//1477 1421//1419 1422//1420 
f 1480//1478 1422//1420 1423//1421 
f 1481//1479 1423//1421 1424//1422 
f 1482//1480 1424//1422 1425//1423 
f 1483//1481 1425//1423 1426//1424 
f 1484//1482 1426//1424 1427//1425 
f 1485//1483 1427//1425 1428//1426 
f 1486//1484 1428//1426 1429//1427 
f 1487//1485 1429//1427 1430//1428 
f 1488//1486 1430//1428 1431//1429 
f 1489//1487 1431//1429 1432//1430 
f 1490//1488 1432//1430 1433//1431 
f 1491//1489 1433//1431 1434//1432 
f 1492//1490 1434//1432 1435//1433 
f 1493//1491 1435//1433 1436//1434 
f 1494//1492 1436//1434 1437//1435 
f 1495//1493 1437//1435 1438//1436 
f 1496//1494 1438//1436 1439//1437 
f 1497//1495 1439//1437 1440//1438 
f 1498//1496 1440//1438 1441//1439 
f 1499//1497 1441//1439 1442//1440 
f 1500//1498 1442//1440 1443//1441 
f 1501//1499 1443//1441 1444//1442 
f 1502//1500 1444//1442 1445//1443 
f 1503//1501 1445//1443 1446//1444 
f 1504//1502 1446//1444 1447//1445 
f 1505//1503 1447//1445 1448//1446 
f 1506//1504 1448//1446 1449//1447 
f 1507//1505 1449//1447 1450//1448 
f 1508//1506 1450//1448 1451//1449 
f 1509//1507 1451//1449 1394//1392 
f 1510//1508 1452//1450 1453//1451 
f 1511//1509 1453//1451 1454//1452 
f 1512//1510 1454//1452 1455//1453 
f 1513//1511 1455//1453 1456//1454 
f 1514//1512 1456//1454 1457//1455 
f 1515//1513 1457//1455 1458//1456 
f 1516//1514 1458//1456 1459//1457 
f 1517//1515 1459//1457 1460//1458 
f 1518//1516 1460//1458 1461//1459 
f 1519//1517 1461//1459 1462//1460 
f 1520//1518 1462//1460 1463//1461 
f 1521//1519 1463//1461 1464//1462 
f 1522//1520 1464//1462 1465//1463 
f 1523//1521 1465//1463 1466//1464 
f 1524//1522 1466//1464 1467//1465 
f 1525//1523 1467//1465 1468//1466 
f 1526//1524 1468//1466 1469//1467 
f 1527//1525 1469//1467 1470//1468 
f 1528//1526 1470//1468 1471//1469 
f 1529//1527 1471//1469 1472//1470 
f 1530//1528 1472//1470 1473//1471 
f 1531//1529 1473//1471 1474//1472 
f 1532//1530 1474//1472 1475//1473 
f 1533//1531 1475//1473 1476//1474 
f 1534//1532 1476//1474 1477//1475 
f 1535//1533 1477//1475 1478//1476 
f 1536//1534 1478//1476 1479//1477 
f 1537//1535 1479//1477 1480//1478 
f 1538//1536 1480//1478 1481//1479 
f 1539//1537 1481//1479 1482//1480 
f 1540//1538 1482//1480 1483//1481 
f 1541//1539 1483//1481 1484//1482 
f 1542//1540 1484//1482 1485//1483 
f 1543//1541 1485//1483 1486//1484 
f 1544//1542 1486//1484 1487//1485 
f 1545//1543 1487//1485 1488//1486 
f 1546//1544 1488//1486 1489//1487 
f 1547//1545 1489//1487 1490//1488 
f 1548//1546 1490//1488 1491//1489 
f 1549//1547 1491//1489 1492//1490 
f 1550//1548 1492//1490 1493//1491 
f 1551//1549 1493//1491 1494//1492 
f 1552//1550 1494//1492 1495//1493 
f 1553//1551 1495//1493 1496//1494 
f 1554//1552 1496//1494 1497//1495 
f 1555//1553 1497//1495 1498//1496 
f 1556//1554 1498//1496 1499//1497 
f 1557//1555 1499//1497 1500//1498 
f 1558//1556 1500//1498 1501//1499 
f 1559//1557 1501//1499 1502//1500 
f 1560//1558 1502//1500 1503//1501 
f 1561//1559 1503//1501 1504//1502 
f 1562//1560 1504//1502 1505//1503 
f 1563//1561 1505//1503 1506//1504 
f 1564//1562 1506//1504 1507//1505 
f 1565//1563 1507//1505 1508//1506 
f 1566//1564 1508//1506 1509//1507 
f 1567//1565 1509//1507 1452//1450 
f 1568//1566 1510//1508 1511//1509 
f 1569//1567 1511//1509 1512//1510 
f 1570//1568 1512//1510 1513//1511 
f 1571//1569 1513//1511 1514//1512 
f 1572//1570 1514//1512 1515//1513 
f 1573//1571 1515//1513 1516//1514 
f 1574//1572 1516//1514 1517//1515 
f 1575//1573 1517//1515 1518//1516 
f 1576//1574 1518//1516 1519//1517 
f 1577//1575 1519//1517 1520//1518 
f 1578//1576 1520//1518 1521//1519 
f 1579//1577 1521//1519 1522//1520 
f 1580//1578 1522//1520 1523//1521 
f 1581//1579 1523//1521 1524//1522 
f 1582//1580 1524//1522 1525//1523 
f 1583//1581 1525//1523 1526//1524 
f 1584//1582 1526//1524 1527//1525 
f 1585//1583 1527//1525 1528//1526 
f 1586//1584 1528//1526 1529//1527 
f 1587//1585 1529//1527 1530//1528 
f 1588//1586 1530//1528 1531//1529 
f 1589//1587 1531//1529 1532//1530 
f 1590//1588 1532//1530 1533//1531 
f 1591//1589 1533//1531 1534//1532 
f 1592//1590 1534//1532 1535//1533 
f 1593//1591 1535//1533 1536//1534 
f 1594//1592 1536//1534 1537//1535 
f 1595//1593 1537//1535 1538//1536 
f 1596//1594 1538//1536 1539//1537 
f 1597//1595 1539//1537 1540//1538 
f 1598//1596 1540//1538 1541//1539 
f 1599//1597 1541//1539 1542//1540 
f 1600//1598 1542//1540 1543//1541 
f 1601//1599 1543//1541 1544//1542 
f 1602//1600 1544//1542 1545//1543 
f 1603//1601 1545//1543 1546//1544 
f 1604//1602 1546//1544 1547//1545 
f 1605//1603 1547//1545 1548//1546 
f 1606//1604 1548//1546 1549//1547 
f 1607//1605 1549//1547 1550//1548 
f 1608//1606 1550//1548 1551//1549 
f 1609//1607 1551//1549 1552//1550 
f 1610//1608 1552//1550 1553//1551 
f 1611//1609 1553//1551 1554//1552 
f 1612//1610 1554//1552 1555//1553 
f 1613//1611 1555//1553 1556//1554 
f 1614//1612 1556//1554 1557//1555 
f 1615//1613 1557//1555 1558//1556 
f 1616//1614 1558//1556 1559//1557 
f 1617//1615 1559//1557 1560//1558 
f 1618//1616 1560//1558 1561//1559 
f 1619//1617 1561//1559 1562//1560 
f 1620//1618 1562//1560 1563//1561 
f 1621//1619 1563//1561 1564//1562 
f 1622//1620 1564//1562 1565//1563 
f 1623//1621 1565//1563 1566//1564 
f 1624//1622 1566//1564 1567//1565 
f 1625//1623 1567//1565 1510//1508 
f 1626//1624 1568//1566 1569//1567 
f 1627//1625 1569//1567 1570//1568 
f 1628//1626 1570//1568 1571//1569 
f 1629//1627 1571//1569 1572//1570 
f 1630//1628 1572//1570 1573//1571 
f 1631//1629 1573//1571 1574//1572 
f 1632//1630 1574//1572 1575//1573 
f 1633//1631 1575//1573 1576//1574 
f 1634//1632 1576//1574 1577//1575 
f 1635//1633 1577//1575 1578//1576 
f 1636//1634 1578//1576 1579//1577 
f 1637//1635 1579//1577 1580//1578 
f 1638//1636 1580//1578 1581//1579 
f 1639//1637 1581//1579 1582//1580 
f 1640//1638 1582//1580 1583//1581 
f 1641//1639 1583//1581 1584//1582 
f 1642//1640 1584//1582 1585//1583 
f 1643//1641 1585//1583 1586//1584 
f 1644//1642 1586//1584 1587//1585 
f 1645//1643 1587//1585 1588//1586 
f 1646//1644 1588//1586 1589//1587 
f 1647//1645 1589//1587 1590//1588 
f 1648//1646 1590//1588 1591//1589 
f 1649//1647 1591//1589 1592//1590 
f 1650//1648 1592//1590 1593//1591 
f 1651//1649 1593//1591 1594//1592 
f 1652//1650 1594//1592 1595//1593 
f 1653//1651 1595//1593 1596//1594 
f 1654//1652 1596//1594 1597//1595 
f 1655//1653 1597//1595 1598//1596 
f 1656//1654 1598//1596 1599//1597 
f 1657//1655 1599//1597 1600//1598 
f 1658//1656 1600//1598 1601//1599 
f 1659//1657 1601//1599 1602//1600 
f 1660//1658 1602//1600 1603//1601 
f 1661//1659 1603//1601 1604//1602 
f 1662//1660 1604//1602 1605//1603 
f 1663//1661 1605//1603 1606//1604 
f 1664//1662 1606//1604 1607//1605 
f 1665//1663 1607//1605 1608//1606 
f 1666//1664 1608//1606 1609//1607 
f 1667//1665 1609//1607 1610//1608 
f 1668//1666 1610//1608 1611//1609 
f 1669//1667 1611//1609 1612//1610 
f 1670//1668 1612//1610 1613//1611 
f 1671//1669 1613//1611 1614//1612 
f 1672//1670 1614//1612 1615//1613 
f 1673//1671 1615//1613 1616//1614 
f 1674//1672 1616//1614 1617//1615 
f 1675//1673 1617//1615 1618//1616 
f 1676//1674 1618//1616 1619//1617 
f 1677//1675 1619//1617 1620//1618 
f 1678//1676 1620//1618 1621//1619 
f 1679//1677 1621//1619 1622//1620 
f 1680//1678 1622//1620 1623//1621 
f 1681//1679 1623//1621 1624//1622 
f 1682//1680 1624//1622 1625//1623 
f 1683//1681 1625//1623 1568//1566 
f 89//1682 1626//1624 1627//1625 
f 88//1683 1627//1625 1628//1626 
f 87//1684 1628//1626 1629//1627 
f 86//1685 1629//1627 1630//1628 
f 85//1686 1630//1628 1631//1629 
f 84//1687 1631//1629 1632//1630 
f 83//1688 1632//1630 1633//1631 
f 82//1689 1633//1631 1634//1632 
f 81//1690 1634//1632 1635//1633 
f 80//1691 1635//1633 1636//1634 
f 79//1692 1636//1634 1637//1635 
f 78//1693 1637//1635 1638//1636 
f 77//1694 1638//1636 1639//1637 
f 76//1695 1639//1637 1640//1638 
f 75//1696 1640//1638 1641//1639 
f 74//1697 1641//1639 1642//1640 
f 73//1698 1642//1640 1643//1641 
f 72//1699 1643//1641 1644//1642 
f 71//1700 1644//1642 1645//1643 
f 70//1701 1645//1643 1646//1644 
f 69//1702 1646//1644 1647//1645 
f 68//1703 1647//1645 1648//1646 
f 67//1704 1648//1646 1649//1647 
f 66//1705 1649//1647 1650//1648 
f 65//1706 1650//1648 1651//1649 
f 64//1707 1651//1649 1652//1650 
f 63//1708 1652//1650 1653//1651 
f 62//1709 1653//1651 1654//1652 
f 60//1710 1654//1652 1655//1653 
f 61//1711 1655//1653 1656//1654 
f 117//1712 1656//1654 1657//1655 
f 116//1713 1657//1655 1658//1656 
f 115//1714 1658//1656 1659//1657 
f 114//1715 1659//1657 1660//1658 
f 113//1716 1660//1658 1661//1659 
f 112//1717 1661//1659 1662//1660 
f 111//1718 1662//1660 1663//1661 
f 110//1719 1663//1661 1664//1662 
f 109//1720 1664//1662 1665//1663 
f 108//1721 1665//1663 1666//1664 
f 107//1722 1666//1664 1667//1665 
f 106//1723 1667//1665 1668//1666 
f 105//1724 1668//1666 1669//1667 
f 104//1725 1669//1667 1670//1668 
f 103//1726 1670//1668 1671//1669 
f 102//1727 1671//1669 1672//1670 
f 101//1728 1672//1670 1673//1671 
f 100//1729 1673//1671 1674//1672 
f 99//1730 1674//1672 1675//1673 
f 98//1731 1675//1673 1676//1674 
f 97//1732 1676//1674 1677//1675 
f 96//1733 1677//1675 1678//1676 
f 95//1734 1678//1676 1679//1677 
f 94//1735 1679//1677 1680//1678 
f 93//1736 1680//1678 1681//1679 
f 92//1737 1681//1679 1682//1680 
f 91//1738 1682//1680 1683//1681 
f 90//1739 1683//1681 1626//1624 
f 1626//1624 89//1682 90//1739 
f 1683//1681 90//1739 91//1738 
f 1682//1680 91//1738 92//1737 
f 1681//1679 92//1737 93//1736 
f 1680//1678 93//1736 94//1735 
f 1679//1677 94//1735 95//1734 
f 1678//1676 95//1734 96//1733 
f 1677//1675 96//1733 97//1732 
f 1676//1674 97//1732 98//1731 
f 1675//1673 98//1731 99//1730 
f 1674//1672 99//1730 100//1729 
f 1673//1671 100//1729 101//1728 
f 1672//1670 101//1728 102//1727 
f 1671//1669 102//1727 103//1726 
f 1670//1668 103//1726 104//1725 
f 1669//1667 104//1725 105//1724 
f 1668//1666 105//1724 106//1723 
f 1667//1665 106//1723 107//1722 
f 1666//1664 107//1722 108//1721 
f 1665//1663 108//1721 109//1720 
f 1664//1662 109//1720 110//1719 
f 1663//1661 110//1719 111//1718 
f 1662//1660 111//1718 112//1717 
f 1661//1659 112//1717 113//1716 
f 1660//1658 113//1716 114//1715 
f 1659//1657 114//1715 115//1714 
f 1658//1656 115//1714 116//1713 
f 1657//1655 116//1713 117//1712 
f 1656//1654 117//1712 61//1711 
f 1655//1653 61//1711 60//1710 
f 1654//1652 60//1710 62//1709 
f 1653//1651 62//1709 63//1708 
f 1652//1650 63//1708 64//1707 
f 1651//1649 64//1707 65//1706 
f 1650//1648 65//1706 66//1705 
f 1649//1647 66//1705 67//1704 
f 1648//1646 67//1704 68//1703 
f 1647//1645 68//1703 69//1702 
f 1646//1644 69//1702 70//1701 
f 1645//1643 70//1701 71//1700 
f 1644//1642 71//1700 72//1699 
f 1643//1641 72//1699 73//1698 
f 1642//1640 73//1698 74//1697 
f 1641//1639 74//1697 75//1696 
f 1640//1638 75//1696 76//1695 
f 1639//1637 76//1695 77//1694 
f 1638//1636 77//1694 78//1693 
f 1637//1635 78//1693 79//1692 
f 1636//1634 79//1692 80//1691 
f 1635//1633 80//1691 81//1690 
f 1634//1632 81//1690 82//1689 
f 1633//1631 82//1689 83//1688 
f 1632//1630 83//1688 84//1687 
f 1631//1629 84//1687 85//1686 
f 1630//1628 85//1686 86//1685 
f 1629//1627 86//1685 87//1684 
f 1628//1626 87//1684 88//1683 
f 1627//1625 88//1683 89//1682 
f 1568//1566 1626//1624 1683//1681 
f 1625//1623 1683//1681 1682//1680 
f 1624//1622 1682//1680 1681//1679 
f 1623//1621 1681//1679 1680//1678 
f 1622//1620 1680//1678 1679//1677 
f 1621//1619 1679//1677 1678//1676 
f 1620//1618 1678//1676 1677//1675 
f 1619//1617 1677//1675 1676//1674 
f 1618//1616 1676//1674 1675//1673 
f 1617//1615 1675//1673 1674//1672 
f 1616//1614 1674//1672 1673//1671 
f 1615//1613 1673//1671 1672//1670 
f 1614//1612 1672//1670 1671//1669 
f 1613//1611 1671//1669 1670//1668 
f 1612//1610 1670//1668 1669//1667 
f 1611//1609 1669//1667 1668//1666 
f 1610//1608 1668//1666 1667//1665 
f 1609//1607 1667//1665 1666//1664 
f 1608//1606 1666//1664 1665//1663 
f 1607//1605 1665//1663 1664//1662 
f 1606//1604 1664//1662 1663//1661 
f 1605//1603 1663//1661 1662//1660 
f 1604//1602 1662//1660 1661//1659 
f 1603//1601 1661//1659 1660//1658 
f 1602//1600 1660//1658 1659//1657 
f 1601//1599 1659//1657 1658//1656 
f 1600//1598 1658//1656 1657//1655 
f 1599//1597 1657//1655 1656//1654 
f 1598//1596 1656//1654 1655//1653 
f 1597//1595 1655//1653 1654//1652 
f 1596//1594 1654//1652 1653//1651 
f 1595//1593 1653//1651 1652//1650 
f 1594//1592 1652//1650 1651//1649 
f 1593//1591 1651//1649 1650//1648 
f 1592//1590 1650//1648 1649//1647 
f 1591//1589 1649//1647 1648//1646 
f 1590//1588 1648//1646 1647//1645 
f 1589//1587 1647//1645 1646//1644 
f 1588//1586 1646//1644 1645//1643 
f 1587//1585 1645//1643 1644//1642 
f 1586//1584 1644//1642 1643//1641 
f 1585//1583 1643//1641 1642//1640 
f 1584//1582 1642//1640 1641//1639 
f 1583//1581 1641//1639 1640//1638 
f 1582//1580 1640//1638 1639//1637 
f 1581//1579 1639//1637 1638//1636 
f 1580//1578 1638//1636 1637//1635 
f 1579//1577 1637//1635 1636//1634 
f 1578//1576 1636//1634 1635//1633 
f 1577//1575 1635//1633 1634//1632 
f 1576//1574 1634//1632 1633//1631 
f 1575//1573 1633//1631 1632//1630 
f 1574//1572 1632//1630 1631//1629 
f 1573//1571 1631//1629 1630//1628 
f 1572//1570 1630//1628 1629//1627 
f 1571//1569 1629//1627 1628//1626 
f 1570//1568 1628//1626 1627//1625 
f 1569//1567 1627//1625 1626//1624 
f 1510//1508 1568//1566 1625//1623 
f 1567//1565 1625//1623 1624//1622 
f 1566//1564 1624//1622 1623//1621 
f 1565//1563 1623//1621 1622//1620 
f 1564//1562 1622//1620 1621//1619 
f 1563//1561 1621//1619 1620//1618 
f 1562//1560 1620//1618 1619//1617 
f 1561//1559 1619//1617 1618//1616 
f 1560//1558 1618//1616 1617//1615 
f 1559//1557 1617//1615 1616//1614 
f 1558//1556 1616//1614 1615//1613 
f 1557//1555 1615//1613 1614//1612 
f 1556//1554 1614//1612 1613//1611 
f 1555//1553 1613//1611 1612//1610 
f 1554//1552 1612//1610 1611//1609 
f 1553//1551 1611//1609 1610//1608 
f 1552//1550 1610//1608 1609//1607 
f 1551//1549 1609//1607 1608//1606 
f 1550//1548 1608//1606 1607//1605 
f 1549//1547 1607//1605 1606//1604 
f 1548//1546 1606//1604 1605//1603 
f 1547//1545 1605//1603 1604//1602 
f 1546//1544 1604//1602 1603//1601 
f 1545//1543 1603//1601 1602//1600 
f 1544//1542 1602//1600 1601//1599 
f 1543//1541 1601//1599 1600//1598 
f 1542//1540 1600//1598 1599//1597 
f 1541//1539 1599//1597 1598//1596 
f 1540//1538 1598//1596 1597//1595 
f 1539//1537 1597//1595 1596//1594 
f 1538//1536 1596//1594 1595//1593 
f 1537//1535 1595//1593 1594//1592 
f 1536//1534 1594//1592 1593//1591 
f 1535//1533 1593//1591 1592//1590 
f 1534//1532 1592//1590 1591//1589 
f 1533//1531 1591//1589 1590//1588 
f 1532//1530 1590//1588 1589//1587 
f 1531//1529 1589//1587 1588//1586 
f 1530//1528 1588//1586 1587//1585 
f 1529//1527 1587//1585 1586//1584 
f 1528//1526 1586//1584 1585//1583 
f 1527//1525 1585//1583 1584//1582 
f 1526//1524 1584//1582 1583//1581 
f 1525//1523 1583//1581 1582//1580 
f 1524//1522 1582//1580 1581//1579 
f 1523//1521 1581//1579 1580//1578 
f 1522//1520 1580//1578 1579//1577 
f 1521//1519 1579//1577 1578//1576 
f 1520//1518 1578//1576 1577//1575 
f 1519//1517 1577//1575 1576//1574 
f 1518//1516 1576//1574 1575//1573 
f 1517//1515 1575//1573 1574//1572 
f 1516//1514 1574//1572 1573//1571 
f 1515//1513 1573//1571 1572//1570 
f 1514//1512 1572//1570 1571//1569 
f 1513//1511 1571//1569 1570//1568 
f 1512//1510 1570//1568 1569//1567 
f 1511//1509 1569//1567 1568//1566 
f 1452//1450 1510//1508 1567//1565 
f 1509//1507 1567//1565 1566//1564 
f 1508//1506 1566//1564 1565//1563 
f 1507//1505 1565//1563 1564//1562 
f 1506//1504 1564//1562 1563//1561 
f 1505//1503 1563//1561 1562//1560 
f 1504//1502 1562//1560 1561//1559 
f 1503//1501 1561//1559 1560//1558 
f 1502//1500 1560//1558 1559//1557 
f 1501//1499 1559//1557 1558//1556 
f 1500//1498 1558//1556 1557//1555 
f 1499//1497 1557//1555 1556//1554 
f 1498//1496 1556//1554 1555//1553 
f 1497//1495 1555//1553 1554//1552 
f 1496//1494 1554//1552 1553//1551 
f 1495//1493 1553//1551 1552//1550 
f 1494//1492 1552//1550 1551//1549 
f 1493//1491 1551//1549 1550//1548 
f 1492//1490 1550//1548 1549//1547 
f 1491//1489 1549//1547 1548//1546 
f 1490//1488 1548//1546 1547//1545 
f 1489//1487 1547//1545 1546//1544 
f 1488//1486 1546//1544 1545//1543 
f 1487//1485 1545//1543 1544//1542 
f 1486//1484 1544//1542 1543//1541 
f 1485//1483 1543//1541 1542//1540 
f 1484//1482 1542//1540 1541//1539 
f 1483//1481 1541//1539 1540//1538 
f 1482//1480 1540//1538 1539//1537 
f 1481//1479 1539//1537 1538//1536 
f 1480//1478 1538//1536 1537//1535 
f 1479//1477 1537//1535 1536//1534 
f 1478//1476 1536//1534 1535//1533 
f 1477//1475 1535//1533 1534//1532 
f 1476//1474 1534//1532 1533//1531 
f 1475//1473 1533//1531 1532//1530 
f 1474//1472 1532//1530 1531//1529 
f 1473//1471 1531//1529 1530//1528 
f 1472//1470 1530//1528 1529//1527 
f 1471//1469 1529//1527 1528//1526 
f 1470//1468 1528//1526 1527//1525 
f 1469//1467 1527//1525 1526//1524 
f 1468//1466 1526//1524 1525//1523 
f 1467//1465 1525//1523 1524//1522 
f 1466//1464 1524//1522 1523//1521 
f 1465//1463 1523//1521 1522//1520 
f 1464//1462 1522//1520 1521//1519 
f 1463//1461 1521//1519 1520//1518 
f 1462//1460 1520//1518 1519//1517 
f 1461//1459 1519//1517 1518//1516 
f 1460//1458 1518//1516 1517//1515 
f 1459//1457 1517//1515 1516//1514 
f 1458//1456 1516//1514 1515//1513 
f 1457//1455 1515//1513 1514//1512 
f 1456//1454 1514//1512 1513//1511 
f 1455//1453 1513//1511 1512//1510 
f 1454//1452 1512//1510 1511//1509 
f 1453//1451 1511//1509 1510//1508 
f 1394//1392 1452//1450 1509//1507 
f 1451//1449 1509//1507 1508//1506 
f 1450//1448 1508//1506 1507//1505 
f 1449//1447 1507//1505 1506//1504 
f 1448//1446 1506//1504 1505//1503 
f 1447//1445 1505//1503 1504//1502 
f 1446//1444 1504//1502 1503//1501 
f 1445//1443 1503//1501 1502//1500 
f 1444//1442 1502//1500 1501//1499 
f 1443//1441 1501//1499 1500//1498 
f 1442//1440 1500//1498 1499//1497 
f 1441//1439 1499//1497 1498//1496 
f 1440//1438 1498//1496 1497//1495 
f 1439//1437 1497//1495 1496//1494 
f 1438//1436 1496//1494 1495//1493 
f 1437//1435 1495//1493 1494//1492 
f 1436//1434 1494//1492 1493//1491 
f 1435//1433 1493//1491 1492//1490 
f 1434//1432 1492//1490 1491//1489 
f 1433//1431 1491//1489 1490//1488 
f 1432//1430 1490//1488 1489//1487 
f 1431//1429 1489//1487 1488//1486 
f 1430//1428 1488//1486 1487//1485 
f 1429//1427 1487//1485 1486//1484 
f 1428//1426 1486//1484 1485//1483 
f 1427//1425 1485//1483 1484//1482 
f 1426//1424 1484//1482 1483//1481 
f 1425//1423 1483//1481 1482//1480 
f 1424//1422 1482//1480 1481//1479 
f 1423//1421 1481//1479 1480//1478 
f 1422//1420 1480//1478 1479//1477 
f 1421//1419 1479//1477 1478//1476 
f 1420//1418 1478//1476 1477//1475 
f 1419//1417 1477//1475 1476//1474 
f 1418//1416 1476//1474 1475//1473 
f 1417//1415 1475//1473 1474//1472 
f 1416//1414 1474//1472 1473//1471 
f 1415//1413 1473//1471 1472//1470 
f 1414//1412 1472//1470 1471//1469 
f 1413//1411 1471//1469 1470//1468 
f 1412//1410 1470//1468 1469//1467 
f 1411//1409 1469//1467 1468//1466 
f 1410//1408 1468//1466 1467//1465 
f 1409//1407 1467//1465 1466//1464 
f 1408//1406 1466//1464 1465//1463 
f 1407//1405 1465//1463 1464//1462 
f 1406//1404 1464//1462 1463//1461 
f 1405//1403 1463//1461 1462//1460 
f 1404//1402 1462//1460 1461//1459 
f 1403//1401 1461//1459 1460//1458 
f 1402//1400 1460//1458 1459//1457 
f 1401//1399 1459//1457 1458//1456 
f 1400//1398 1458//1456 1457//1455 
f 1399//1397 1457//1455 1456//1454 
f 1398//1396 1456//1454 1455//1453 
f 1397//1395 1455//1453 1454//1452 
f 1396//1394 1454//1452 1453//1451 
f 1395//1393 1453//1451 1452//1450 
f 1336//1334 1394//1392 1451//1449 
f 1393//1391 1451//1449 1450//1448 
f 1392//1390 1450//1448 1449//1447 
f 1391//1389 1449//1447 1448//1446 
f 1390//1388 1448//1446 1447//1445 
f 1389//1387 1447//1445 1446//1444 
f 1388//1386 1446//1444 1445//1443 
f 1387//1385 1445//1443 1444//1442 
f 1386//1384 1444//1442 1443//1441 
f 1385//1383 1443//1441 1442//1440 
f 1384//1382 1442//1440 1441//1439 
f 1383//1381 1441//1439 1440//1438 
f 1382//1380 1440//1438 1439//1437 
f 1381//1379 1439//1437 1438//1436 
f 1380//1378 1438//1436 1437//1435 
f 1379//1377 1437//1435 1436//1434 
f 1378//1376 1436//1434 1435//1433 
f 1377//1375 1435//1433 1434//1432 
f 1376//1374 1434//1432 1433//1431 
f 1375//1373 1433//1431 1432//1430 
f 1374//1372 1432//1430 1431//1429 
f 1373//1371 1431//1429 1430//1428 
f 1372//1370 1430//1428 1429//1427 
f 1371//1369 1429//1427 1428//1426 
f 1370//1368 1428//1426 1427//1425 
f 1369//1367 1427//1425 1426//1424 
f 1368//1366 1426//1424 1425//1423 
f 1367//1365 1425//1423 1424//1422 
f 1366//1364 1424//1422 1423//1421 
f 1365//1363 1423//1421 1422//1420 
f 1364//1362 1422//1420 1421//1419 
f 1363//1361 1421//1419 1420//1418 
f 1362//1360 1420//1418 1419//1417 
f 1361//1359 1419//1417 1418//1416 
f 1360//1358 1418//1416 1417//1415 
f 1359//1357 1417//1415 1416//1414 
f 1358//1356 1416//1414 1415//1413 
f 1357//1355 1415//1413 1414//1412 
f 1356//1354 1414//1412 1413//1411 
f 1355//1353 1413//1411 1412//1410 
f 1354//1352 1412//1410 1411//1409 
f 1353//1351 1411//1409 1410//1408 
f 1352//1350 1410//1408 1409//1407 
f 1351//1349 1409//1407 1408//1406 
f 1350//1348 1408//1406 1407//1405 
f 1349//1347 1407//1405 1406//1404 
f 1348//1346 1406//1404 1405//1403 
f 1347//1345 1405//1403 1404//1402 
f 1346//1344 1404//1402 1403//1401 
f 1345//1343 1403//1401 1402//1400 
f 1344//1342 1402//1400 1401//1399 
f 1343//1341 1401//1399 1400//1398 
f 1342//1340 1400//1398 1399//1397 
f 1341//1339 1399//1397 1398//1396 
f 1340//1338 1398//1396 1397//1395 
f 1339//1337 1397//1395 1396//1394 
f 1338//1336 1396//1394 1395//1393 
f 1337//1335 1395//1393 1394//1392 
f 1278//1276 1336//1334 1393//1391 
f 1335//1333 1393//1391 1392//1390 
f 1334//1332 1392//1390 1391//1389 
f 1333//1331 1391//1389 1390//1388 
f 1332//1330 1390//1388 1389//1387 
f 1331//1329 1389//1387 1388//1386 
f 1330//1328 1388//1386 1387//1385 
f 1329//1327 1387//1385 1386//1384 
f 1328//1326 1386//1384 1385//1383 
f 1327//1325 1385//1383 1384//1382 
f 1326//1324 1384//1382 1383//1381 
f 1325//1323 1383//1381 1382//1380 
f 1324//1322 1382//1380 1381//1379 
f 1323//1321 1381//1379 1380//1378 
f 1322//1320 1380//1378 1379//1377 
f 1321//1319 1379//1377 1378//1376 
f 1320//1318 1378//1376 1377//1375 
f 1319//1317 1377//1375 1376//1374 
f 1318//1316 1376//1374 1375//1373 
f 1317//1315 1375//1373 1374//1372 
f 1316//1314 1374//1372 1373//1371 
f 1315//1313 1373//1371 1372//1370 
f 1314//1312 1372//1370 1371//1369 
f 1313//1311 1371//1369 1370//1368 
f 1312//1310 1370//1368 1369//1367 
f 1311//1309 1369//1367 1368//1366 
f 1310//1308 1368//1366 1367//1365 
f 1309//1307 1367//1365 1366//1364 
f 1308//1306 1366//1364 1365//1363 
f 1307//1305 1365//1363 1364//1362 
f 1306//1304 1364//1362 1363//1361 
f 1305//1303 1363//1361 1362//1360 
f 1304//1302 1362//1360 1361//1359 
f 1303//1301 1361//1359 1360//1358 
f 1302//1300 1360//1358 1359//1357 
f 1301//1299 1359//1357 1358//1356 
f 1300//1298 1358//1356 1357//1355 
f 1299//1297 1357//1355 1356//1354 
f 1298//1296 1356//1354 1355//1353 
f 1297//1295 1355//1353 1354//1352 
f 1296//1294 1354//1352 1353//1351 
f 1295//1293 1353//1351 1352//1350 
f 1294//1292 1352//1350 1351//1349 
f 1293//1291 1351//1349 1350//1348 
f 1292//1290 1350//1348 1349//1347 
f 1291//1289 1349//1347 1348//1346 
f 1290//1288 1348//1346 1347//1345 
f 1289//1287 1347//1345 1346//1344 
f 1288//1286 1346//1344 1345//1343 
f 1287//1285 1345//1343 1344//1342 
f 1286//1284 1344//1342 1343//1341 
f 1285//1283 1343//1341 1342//1340 
f 1284//1282 1342//1340 1341//1339 
f 1283//1281 1341//1339 1340//1338 
f 1282//1280 1340//1338 1339//1337 
f 1281//1279 1339//1337 1338//1336 
f 1280//1278 1338//1336 1337//1335 
f 1279//1277 1337//1335 1336//1334 
f 1220//1218 1278//1276 1335//1333 
f 1277//1275 1335//1333 1334//1332 
f 1276//1274 1334//1332 1333//1331 
f 1275//1273 1333//1331 1332//1330 
f 1274//1272 1332//1330 1331//1329 
f 1273//1271 1331//1329 1330//1328 
f 1272//1270 1330//1328 1329//1327 
f 1271//1269 1329//1327 1328//1326 
f 1270//1268 1328//1326 1327//1325 
f 1269//1267 1327//1325 1326//1324 
f 1268//1266 1326//1324 1325//1323 
f 1267//1265 1325//1323 1324//1322 
f 1266//1264 1324//1322 1323//1321 
f 1265//1263 1323//1321 1322//1320 
f 1264//1262 1322//1320 1321//1319 
f 1263//1261 1321//1319 1320//1318 
f 1262//1260 1320//1318 1319//1317 
f 1261//1259 1319//1317 1318//1316 
f 1260//1258 1318//1316 1317//1315 
f 1259//1257 1317//1315 1316//1314 
f 1258//1256 1316//1314 1315//1313 
f 1257//1255 1315//1313 1314//1312 
f 1256//1254 1314//1312 1313//1311 
f 1255//1253 1313//1311 1312//1310 
f 1254//1252 1312//1310 1311//1309 
f 1253//1251 1311//1309 1310//1308 
f 1252//1250 1310//1308 1309//1307 
f 1251//1249 1309//1307 1308//1306 
f 1250//1248 1308//1306 1307//1305 
f 1249//1247 1307//1305 1306//1304 
f 1248//1246 1306//1304 1305//1303 
f 1247//1245 1305//1303 1304//1302 
f 1246//1244 1304//1302 1303//1301 
f 1245//1243 1303//1301 1302//1300 
f 1244//1242 1302//1300 1301//1299 
f 1243//1241 1301//1299 1300//1298 
f 1242//1240 1300//1298 1299//1297 
f 1241//1239 1299//1297 1298//1296 
f 1240//1238 1298//1296 1297//1295 
f 1239//1237 1297//1295 1296//1294 
f 1238//1236 1296//1294 1295//1293 
f 1237//1235 1295//1293 1294//1292 
f 1236//1234 1294//1292 1293//1291 
f 1235//1233 1293//1291 1292//1290 
f 1234//1232 1292//1290 1291//1289 
f 1233//1231 1291//1289 1290//1288 
f 1232//1230 1290//1288 1289//1287 
f 1231//1229 1289//1287 1288//1286 
f 1230//1228 1288//1286 1287//1285 
f 1229//1227 1287//1285 1286//1284 
f 1228//1226 1286//1284 1285//1283 
f 1227//1225 1285//1283 1284//1282 
f 1226//1224 1284//1282 1283//1281 
f 1225//1223 1283//1281 1282//1280 
f 1224//1222 1282//1280 1281//1279 
f 1223//1221 1281//1279 1280//1278 
f 1222//1220 1280//1278 1279//1277 
f 1221//1219 1279//1277 1278//1276 
f 1162//1160 1220//1218 1277//1275 
f 1219//1217 1277//1275 1276//1274 
f 1218//1216 1276//1274 1275//1273 
f 1217//1215 1275//1273 1274//1272 
f 1216//1214 1274//1272 1273//1271 
f 1215//1213 1273//1271 1272//1270 
f 1214//1212 1272//1270 1271//1269 
f 1213//1211 1271//1269 1270//1268 
f 1212//1210 1270//1268 1269//1267 
f 1211//1209 1269//1267 1268//1266 
f 1210//1208 1268//1266 1267//1265 
f 1209//1207 1267//1265 1266//1264 
f 1208//1206 1266//1264 1265//1263 
f 1207//1205 1265//1263 1264//1262 
f 1206//1204 1264//1262 1263//1261 
f 1205//1203 1263//1261 1262//1260 
f 1204//1202 1262//1260 1261//1259 
f 1203//1201 1261//1259 1260//1258 
f 1202//1200 1260//1258 1259//1257 
f 1201//1199 1259//1257 1258//1256 
f 1200//1198 1258//1256 1257//1255 
f 1199//1197 1257//1255 1256//1254 
f 1198//1196 1256//1254 1255//1253 
f 1197//1195 1255//1253 1254//1252 
f 1196//1194 1254//1252 1253//1251 
f 1195//1193 1253//1251 1252//1250 
f 1194//1192 1252//1250 1251//1249 
f 1193//1191 1251//1249 1250//1248 
f 1192//1190 1250//1248 1249//1247 
f 1191//1189 1249//1247 1248//1246 
f 1190//1188 1248//1246 1247//1245 
f 1189//1187 1247//1245 1246//1244 
f 1188//1186 1246//1244 1245//1243 
f 1187//1185 1245//1243 1244//1242 
f 1186//1184 1244//1242 1243//1241 
f 1185//1183 1243//1241 1242//1240 
f 1184//1182 1242//1240 1241//1239 
f 1183//1181 1241//1239 1240//1238 
f 1182//1180 1240//1238 1239//1237 
f 1181//1179 1239//1237 1238//1236 
f 1180//1178 1238//1236 1237//1235 
f 1179//1177 1237//1235 1236//1234 
f 1178//1176 1236//1234 1235//1233 
f 1177//1175 1235//1233 1234//1232 
f 1176//1174 1234//1232 1233//1231 
f 1175//1173 1233//1231 1232//1230 
f 1174//1172 1232//1230 1231//1229 
f 1173//1171 1231//1229 1230//1228 
f 1172//1170 1230//1228 1229//1227 
f 1171//1169 1229//1227 1228//1226 
f 1170//1168 1228//1226 1227//1225 
f 1169//1167 1227//1225 1226//1224 
f 1168//1166 1226//1224 1225//1223 
f 1167//1165 1225//1223 1224//1222 
f 1166//1164 1224//1222 1223//1221 
f 1165//1163 1223//1221 1222//1220 
f 1164//1162 1222//1220 1221//1219 
f 1163//1161 1221//1219 1220//1218 
f 1104//1102 1162//1160 1219//1217 
f 1161//1159 1219//1217 1218//1216 
f 1160//1158 1218//1216 1217//1215 
f 1159//1157 1217//1215 1216//1214 
f 1158//1156 1216//1214 1215//1213 
f 1157//1155 1215//1213 1214//1212 
f 1156//1154 1214//1212 1213//1211 
f 1155//1153 1213//1211 1212//1210 
f 1154//1152 1212//1210 1211//1209 
f 1153//1151 1211//1209 1210//1208 
f 1152//1150 1210//1208 1209//1207 
f 1151//1149 1209//1207 1208//1206 
f 1150//1148 1208//1206 1207//1205 
f 1149//1147 1207//1205 1206//1204 
f 1148//1146 1206//1204 1205//1203 
f 1147//1145 1205//1203 1204//1202 
f 1146//1144 1204//1202 1203//1201 
f 1145//1143 1203//1201 1202//1200 
f 1144//1142 1202//1200 1201//1199 
f 1143//1141 1201//1199 1200//1198 
f 1142//1140 1200//1198 1199//1197 
f 1141//1139 1199//1197 1198//1196 
f 1140//1138 1198//1196 1197//1195 
f 1139//1137 1197//1195 1196//1194 
f 1138//1136 1196//1194 1195//1193 
f 1137//1135 1195//1193 1194//1192 
f 1136//1134 1194//1192 1193//1191 
f 1135//1133 1193//1191 1192//1190 
f 1134//1132 1192//1190 1191//1189 
f 1133//1131 1191//1189 1190//1188 
f 1132//1130 1190//1188 1189//1187 
f 1131//1129 1189//1187 1188//1186 
f 1130//1128 1188//1186 1187//1185 
f 1129//1127 1187//1185 1186//1184 
f 1128//1126 1186//1184 1185//1183 
f 1127//1125 1185//1183 1184//1182 
f 1126//1124 1184//1182 1183//1181 
f 1125//1123 1183//1181 1182//1180 
f 1124//1122 1182//1180 1181//1179 
f 1123//1121 1181//1179 1180//1178 
f 1122//1120 1180//1178 1179//1177 
f 1121//1119 1179//1177 1178//1176 
f 1120//1118 1178//1176 1177//1175 
f 1119//1117 1177//1175 1176//1174 
f 1118//1116 1176//1174 1175//1173 
f 1117//1115 1175//1173 1174//1172 
f 1116//1114 1174//1172 1173//1171 
f 1115//1113 1173//1171 1172//1170 
f 1114//1112 1172//1170 1171//1169 
f 1113//1111 1171//1169 1170//1168 
f 1112//1110 1170//1168 1169//1167 
f 1111//1109 1169//1167 1168//1166 
f 1110//1108 1168//1166 1167//1165 
f 1109//1107 1167//1165 1166//1164 
f 1108//1106 1166//1164 1165//1163 
f 1107//1105 1165//1163 1164//1162 
f 1106//1104 1164//1162 1163//1161 
f 1105//1103 1163//1161 1162//1160 
f 1046//1044 1104//1102 1161//1159 
f 1103//1101 1161//1159 1160//1158 
f 1102//1100 1160//1158 1159//1157 
f 1101//1099 1159//1157 1158//1156 
f 1100//1098 1158//1156 1157//1155 
f 1099//1097 1157//1155 1156//1154 
f 1098//1096 1156//1154 1155//1153 
f 1097//1095 1155//1153 1154//1152 
f 1096//1094 1154//1152 1153//1151 
f 1095//1093 1153//1151 1152//1150 
f 1094//1092 1152//1150 1151//1149 
f 1093//1091 1151//1149 1150//1148 
f 1092//1090 1150//1148 1149//1147 
f 1091//1089 1149//1147 1148//1146 
f 1090//1088 1148//1146 1147//1145 
f 1089//1087 1147//1145 1146//1144 
f 1088//1086 1146//1144 1145//1143 
f 1087//1085 1145//1143 1144//1142 
f 1086//1084 1144//1142 1143//1141 
f 1085//1083 1143//1141 1142//1140 
f 1084//1082 1142//1140 1141//1139 
f 1083//1081 1141//1139 1140//1138 
f 1082//1080 1140//1138 1139//1137 
f 1081//1079 1139//1137 1138//1136 
f 1080//1078 1138//1136 1137//1135 
f 1079//1077 1137//1135 1136//1134 
f 1078//1076 1136//1134 1135//1133 
f 1077//1075 1135//1133 1134//1132 
f 1076//1074 1134//1132 1133//1131 
f 1075//1073 1133//1131 1132//1130 
f 1074//1072 1132//1130 1131//1129 
f 1073//1071 1131//1129 1130//1128 
f 1072//1070 1130//1128 1129//1127 
f 1071//1069 1129//1127 1128//1126 
f 1070//1068 1128//1126 1127//1125 
f 1069//1067 1127//1125 1126//1124 
f 1068//1066 1126//1124 1125//1123 
f 1067//1065 1125//1123 1124//1122 
f 1066//1064 1124//1122 1123//1121 
f 1065//1063 1123//1121 1122//1120 
f 1064//1062 1122//1120 1121//1119 
f 1063//1061 1121//1119 1120//1118 
f 1062//1060 1120//1118 1119//1117 
f 1061//1059 1119//1117 1118//1116 
f 1060//1058 1118//1116 1117//1115 
f 1059//1057 1117//1115 1116//1114 
f 1058//1056 1116//1114 1115//1113 
f 1057//1055 1115//1113 1114//1112 
f 1056//1054 1114//1112 1113//1111 
f 1055//1053 1113//1111 1112//1110 
f 1054//1052 1112//1110 1111//1109 
f 1053//1051 1111//1109 1110//1108 
f 1052//1050 1110//1108 1109//1107 
f 1051//1049 1109//1107 1108//1106 
f 1050//1048 1108//1106 1107//1105 
f 1049//1047 1107//1105 1106//1104 
f 1048//1046 1106//1104 1105//1103 
f 1047//1045 1105//1103 1104//1102 
f 988//986 1046//1044 1103//1101 
f 1045//1043 1103//1101 1102//1100 
f 1044//1042 1102//1100 1101//1099 
f 1043//1041 1101//1099 1100//1098 
f 1042//1040 1100//1098 1099//1097 
f 1041//1039 1099//1097 1098//1096 
f 1040//1038 1098//1096 1097//1095 
f 1039//1037 1097//1095 1096//1094 
f 1038//1036 1096//1094 1095//1093 
f 1037//1035 1095//1093 1094//1092 
f 1036//1034 1094//1092 1093//1091 
f 1035//1033 1093//1091 1092//1090 
f 1034//1032 1092//1090 1091//1089 
f 1033//1031 1091//1089 1090//1088 
f 1032//1030 1090//1088 1089//1087 
f 1031//1029 1089//1087 1088//1086 
f 1030//1028 1088//1086 1087//1085 
f 1029//1027 1087//1085 1086//1084 
f 1028//1026 1086//1084 1085//1083 
f 1027//1025 1085//1083 1084//1082 
f 1026//1024 1084//1082 1083//1081 
f 1025//1023 1083//1081 1082//1080 
f 1024//1022 1082//1080 1081//1079 
f 1023//1021 1081//1079 1080//1078 
f 1022//1020 1080//1078 1079//1077 
f 1021//1019 1079//1077 1078//1076 
f 1020//1018 1078//1076 1077//1075 
f 1019//1017 1077//1075 1076//1074 
f 1018//1016 1076//1074 1075//1073 
f 1017//1015 1075//1073 1074//1072 
f 1016//1014 1074//1072 1073//1071 
f 1015//1013 1073//1071 1072//1070 
f 1014//1012 1072//1070 1071//1069 
f 1013//1011 1071//1069 1070//1068 
f 1012//1010 1070//1068 1069//1067 
f 1011//1009 1069//1067 1068//1066 
f 1010//1008 1068//1066 1067//1065 
f 1009//1007 1067//1065 1066//1064 
f 1008//1006 1066//1064 1065//1063 
f 1007//1005 1065//1063 1064//1062 
f 1006//1004 1064//1062 1063//1061 
f 1005//1003 1063//1061 1062//1060 
f 1004//1002 1062//1060 1061//1059 
f 1003//1001 1061//1059 1060//1058 
f 1002//1000 1060//1058 1059//1057 
f 1001//999 1059//1057 1058//1056 
f 1000//998 1058//1056 1057//1055 
f 999//997 1057//1055 1056//1054 
f 998//996 1056//1054 1055//1053 
f 997//995 1055//1053 1054//1052 
f 996//994 1054//1052 1053//1051 
f 995//993 1053//1051 1052//1050 
f 994//992 1052//1050 1051//1049 
f 993//991 1051//1049 1050//1048 
f 992//990 1050//1048 1049//1047 
f 991//989 1049//1047 1048//1046 
f 990//988 1048//1046 1047//1045 
f 989//987 1047//1045 1046//1044 
f 930//928 988//986 1045//1043 
f 987//985 1045//1043 1044//1042 
f 986//984 1044//1042 1043//1041 
f 985//983 1043//1041 1042//1040 
f 984//982 1042//1040 1041//1039 
f 983//981 1041//1039 1040//1038 
f 982//980 1040//1038 1039//1037 
f 981//979 1039//1037 1038//1036 
f 980//978 1038//1036 1037//1035 
f 979//977 1037//1035 1036//1034 
f 978//976 1036//1034 1035//1033 
f 977//975 1035//1033 1034//1032 
f 976//974 1034//1032 1033//1031 
f 975//973 1033//1031 1032//1030 
f 974//972 1032//1030 1031//1029 
f 973//971 1031//1029 1030//1028 
f 972//970 1030//1028 1029//1027 
f 971//969 1029//1027 1028//1026 
f 970//968 1028//1026 1027//1025 
f 969//967 1027//1025 1026//1024 
f 968//966 1026//1024 1025//1023 
f 967//965 1025//1023 1024//1022 
f 966//964 1024//1022 1023//1021 
f 965//963 1023//1021 1022//1020 
f 964//962 1022//1020 1021//1019 
f 963//961 1021//1019 1020//1018 
f 962//960 1020//1018 1019//1017 
f 961//959 1019//1017 1018//1016 
f 960//958 1018//1016 1017//1015 
f 959//957 1017//1015 1016//1014 
f 958//956 1016//1014 1015//1013 
f 957//955 1015//1013 1014//1012 
f 956//954 1014//1012 1013//1011 
f 955//953 1013//1011 1012//1010 
f 954//952 1012//1010 1011//1009 
f 953//951 1011//1009 1010//1008 
f 952//950 1010//1008 1009//1007 
f 951//949 1009//1007 1008//1006 
f 950//948 1008//1006 1007//1005 
f 949//947 1007//1005 1006//1004 
f 948//946 1006//1004 1005//1003 
f 947//945 1005//1003 1004//1002 
f 946//944 1004//1002 1003//1001 
f 945//943 1003//1001 1002//1000 
f 944//942 1002//1000 1001//999 
f 943//941 1001//999 1000//998 
f 942//940 1000//998 999//997 
f 941//939 999//997 998//996 
f 940//938 998//996 997//995 
f 939//937 997//995 996//994 
f 938//936 996//994 995//993 
f 937//935 995//993 994//992 
f 936//934 994//992 993//991 
f 935//933 993//991 992//990 
f 934//932 992//990 991//989 
f 933//931 991//989 990//988 
f 932//930 990//988 989//987 
f 931//929 989//987 988//986 
f 872//870 930//928 987//985 
f 929//927 987//985 986//984 
f 928//926 986//984 985//983 
f 927//925 985//983 984//982 
f 926//924 984//982 983//981 
f 925//923 983//981 982//980 
f 924//922 982//980 981//979 
f 923//921 981//979 980//978 
f 922//920 980//978 979//977 
f 921//919 979//977 978//976 
f 920//918 978//976 977//975 
f 919//917 977//975 976//974 
f 918//916 976//974 975//973 
f 917//915 975//973 974//972 
f 916//914 974//972 973//971 
f 915//913 973//971 972//970 
f 914//912 972//970 971//969 
f 913//911 971//969 970//968 
f 912//910 970//968 969//967 
f 911//909 969//967 968//966 
f 910//908 968//966 967//965 
f 909//907 967//965 966//964 
f 908//906 966//964 965//963 
f 907//905 965//963 964//962 
f 906//904 964//962 963//961 
f 905//903 963//961 962//960 
f 904//902 962//960 961//959 
f 903//901 961//959 960//958 
f 902//900 960//958 959//957 
f 901//899 959//957 958//956 
f 900//898 958//956 957//955 
f 899//897 957//955 956//954 
f 898//896 956//954 955//953 
f 897//895 955//953 954//952 
f 896//894 954//952 953//951 
f 895//893 953//951 952//950 
f 894//892 952//950 951//949 
f 893//891 951//949 950//948 
f 892//890 950//948 949//947 
f 891//889 949//947 948//946 
f 890//888 948//946 947//945 
f 889//887 947//945 946//944 
f 888//886 946//944 945//943 
f 887//885 945//943 944//942 
f 886//884 944//942 943//941 
f 885//883 943//941 942//940 
f 884//882 942//940 941//939 
f 883//881 941//939 940//938 
f 882//880 940//938 939//937 
f 881//879 939//937 938//936 
f 880//878 938//936 937//935 
f 879//877 937//935 936//934 
f 878//876 936//934 935//933 
f 877//875 935//933 934//932 
f 876//874 934//932 933//931 
f 875//873 933//931 932//930 
f 874//872 932//930 931//929 
f 873//871 931//929 930//928 
f 814//812 872//870 929//927 
f 871//869 929//927 928//926 
f 870//868 928//926 927//925 
f 869//867 927//925 926//924 
f 868//866 926//924 925//923 
f 867//865 925//923 924//922 
f 866//864 924//922 923//921 
f 865//863 923//921 922//920 
f 864//862 922//920 921//919 
f 863//861 921//919 920//918 
f 862//860 920//918 919//917 
f 861//859 919//917 918//916 
f 860//858 918//916 917//915 
f 859//857 917//915 916//914 
f 858//856 916//914 915//913 
f 857//855 915//913 914//912 
f 856//854 914//912 913//911 
f 855//853 913//911 912//910 
f 854//852 912//910 911//909 
f 853//851 911//909 910//908 
f 852//850 910//908 909//907 
f 851//849 909//907 908//906 
f 850//848 908//906 907//905 
f 849//847 907//905 906//904 
f 848//846 906//904 905//903 
f 847//845 905//903 904//902 
f 846//844 904//902 903//901 
f 845//843 903//901 902//900 
f 844//842 902//900 901//899 
f 843//841 901//899 900//898 
f 842//840 900//898 899//897 
f 841//839 899//897 898//896 
f 840//838 898//896 897//895 
f 839//837 897//895 896//894 
f 838//836 896//894 895//893 
f 837//835 895//893 894//892 
f 836//834 894//892 893//891 
f 835//833 893//891 892//890 
f 834//832 892//890 891//889 
f 833//831 891//889 890//888 
f 832//830 890//888 889//887 
f 831//829 889//887 888//886 
f 830//828 888//886 887//885 
f 829//827 887//885 886//884 
f 828//826 886//884 885//883 
f 827//825 885//883 884//882 
f 826//824 884//882 883//881 
f 825//823 883//881 882//880 
f 824//822 882//880 881//879 
f 823//821 881//879 880//878 
f 822//820 880//878 879//877 
f 821//819 879//877 878//876 
f 820//818 878//876 877//875 
f 819//817 877//875 876//874 
f 818//816 876//874 875//873 
f 817//815 875//873 874//872 
f 816//814 874//872 873//871 
f 815//813 873//871 872//870 
f 756//754 814//812 871//869 
f 813//811 871//869 870//868 
f 812//810 870//868 869//867 
f 811//809 869//867 868//866 
f 810//808 868//866 867//865 
f 809//807 867//865 866//864 
f 808//806 866//864 865//863 
f 807//805 865//863 864//862 
f 806//804 864//862 863//861 
f 805//803 863//861 862//860 
f 804//802 862//860 861//859 
f 803//801 861//859 860//858 
f 802//800 860//858 859//857 
f 801//799 859//857 858//856 
f 800//798 858//856 857//855 
f 799//797 857//855 856//854 
f 798//796 856//854 855//853 
f 797//795 855//853 854//852 
f 796//794 854//852 853//851 
f 795//793 853//851 852//850 
f 794//792 852//850 851//849 
f 793//791 851//849 850//848 
f 792//790 850//848 849//847 
f 791//789 849//847 848//846 
f 790//788 848//846 847//845 
f 789//787 847//845 846//844 
f 788//786 846//844 845//843 
f 787//785 845//843 844//842 
f 786//784 844//842 843//841 
f 785//783 843//841 842//840 
f 784//782 842//840 841//839 
f 783//781 841//839 840//838 
f 782//780 840//838 839//837 
f 781//779 839//837 838//836 
f 780//778 838//836 837//835 
f 779//777 837//835 836//834 
f 778//776 836//834 835//833 
f 777//775 835//833 834//832 
f 776//774 834//832 833//831 
f 775//773 833//831 832//830 
f 774//772 832//830 831//829 
f 773//771 831//829 830//828 
f 772//770 830//828 829//827 
f 771//769 829//827 828//826 
f 770//768 828//826 827//825 
f 769//767 827//825 826//824 
f 768//766 826//824 825//823 
f 767//765 825//823 824//822 
f 766//764 824//822 823//821 
f 765//763 823//821 822//820 
f 764//762 822//820 821//819 
f 763//761 821//819 820//818 
f 762//760 820//818 819//817 
f 761//759 819//817 818//816 
f 760//758 818//816 817//815 
f 759//757 817//815 816//814 
f 758//756 816//814 815//813 
f 757//755 815//813 814//812 
f 698//696 756//754 813//811 
f 755//753 813//811 812//810 
f 754//752 812//810 811//809 
f 753//751 811//809 810//808 
f 752//750 810//808 809//807 
f 751//749 809//807 808//806 
f 750//748 808//806 807//805 
f 749//747 807//805 806//804 
f 748//746 806//804 805//803 
f 747//745 805//803 804//802 
f 746//744 804//802 803//801 
f 745//743 803//801 802//800 
f 744//742 802//800 801//799 
f 743//741 801//799 800//798 
f 742//740 800//798 799//797 
f 741//739 799//797 798//796 
f 740//738 798//796 797//795 
f 739//737 797//795 796//794 
f 738//736 796//794 795//793 
f 737//735 795//793 794//792 
f 736//734 794//792 793//791 
f 735//733 793//791 792//790 
f 734//732 792//790 791//789 
f 733//731 791//789 790//788 
f 732//730 790//788 789//787 
f 731//729 789//787 788//786 
f 730//728 788//786 787//785 
f 729//727 787//785 786//784 
f 728//726 786//784 785//783 
f 727//725 785//783 784//782 
f 726//724 784//782 783//781 
f 725//723 783//781 782//780 
f 724//722 782//780 781//779 
f 723//721 781//779 780//778 
f 722//720 780//778 779//777 
f 721//719 779//777 778//776 
f 720//718 778//776 777//775 
f 719//717 777//775 776//774 
f 718//716 776//774 775//773 
f 717//715 775//773 774//772 
f 716//714 774//772 773//771 
f 715//713 773//771 772//770 
f 714//712 772//770 771//769 
f 713//711 771//769 770//768 
f 712//710 770//768 769//767 
f 711//709 769//767 768//766 
f 710//708 768//766 767//765 
f 709//707 767//765 766//764 
f 708//706 766//764 765//763 
f 707//705 765//763 764//762 
f 706//704 764//762 763//761 
f 705//703 763//761 762//760 
f 704//702 762//760 761//759 
f 703//701 761//759 760//758 
f 702//700 760//758 759//757 
f 701//699 759//757 758//756 
f 700//698 758//756 757//755 
f 699//697 757//755 756//754 
f 640//638 698//696 755//753 
f 697//695 755//753 754//752 
f 696//694 754//752 753//751 
f 695//693 753//751 752//750 
f 694//692 752//750 751//749 
f 693//691 751//749 750//748 
f 692//690 750//748 749//747 
f 691//689 749//747 748//746 
f 690//688 748//746 747//745 
f 689//687 747//745 746//744 
f 688//686 746//744 745//743 
f 687//685 745//743 744//742 
f 686//684 744//742 743//741 
f 685//683 743//741 742//740 
f 684//682 742//740 741//739 
f 683//681 741//739 740//738 
f 682//680 740//738 739//737 
f 681//679 739//737 738//736 
f 680//678 738//736 737//735 
f 679//677 737//735 736//734 
f 678//676 736//734 735//733 
f 677//675 735//733 734//732 
f 676//674 734//732 733//731 
f 675//673 733//731 732//730 
f 674//672 732//730 731//729 
f 673//671 731//729 730//728 
f 672//670 730//728 729//727 
f 671//669 729//727 728//726 
f 670//668 728//726 727//725 
f 669//667 727//725 726//724 
f 668//666 726//724 725//723 
f 667//665 725//723 724//722 
f 666//664 724//722 723//721 
f 665//663 723//721 722//720 
f 664//662 722//720 721//719 
f 663//661 721//719 720//718 
f 662//660 720//718 719//717 
f 661//659 719//717 718//716 
f 660//658 718//716 717//715 
f 659//657 717//715 716//714 
f 658//656 716//714 715//713 
f 657//655 715//713 714//712 
f 656//654 714//712 713//711 
f 655//653 713//711 712//710 
f 654//652 712//710 711//709 
f 653//651 711//709 710//708 
f 652//650 710//708 709//707 
f 651//649 709//707 708//706 
f 650//648 708//706 707//705 
f 649//647 707//705 706//704 
f 648//646 706//704 705//703 
f 647//645 705//703 704//702 
f 646//644 704//702 703//701 
f 645//643 703//701 702//700 
f 644//642 702//700 701//699 
f 643//641 701//699 700//698 
f 642//640 700//698 699//697 
f 641//639 699//697 698//696 
f 582//580 640//638 697//695 
f 639//637 697//695 696//694 
f 638//636 696//694 695//693 
f 637//635 695//693 694//692 
f 636//634 694//692 693//691 
f 635//633 693//691 692//690 
f 634//632 692//690 691//689 
f 633//631 691//689 690//688 
f 632//630 690//688 689//687 
f 631//629 689//687 688//686 
f 630//628 688//686 687//685 
f 629//627 687//685 686//684 
f 628//626 686//684 685//683 
f 627//625 685//683 684//682 
f 626//624 684//682 683//681 
f 625//623 683//681 682//680 
f 624//622 682//680 681//679 
f 623//621 681//679 680//678 
f 622//620 680//678 679//677 
f 621//619 679//677 678//676 
f 620//618 678//676 677//675 
f 619//617 677//675 676//674 
f 618//616 676//674 675//673 
f 617//615 675//673 674//672 
f 616//614 674//672 673//671 
f 615//613 673//671 672//670 
f 614//612 672//670 671//669 
f 613//611 671//669 670//668 
f 612//610 670//668 669//667 
f 611//609 669//667 668//666 
f 610//608 668//666 667//665 
f 609//607 667//665 666//664 
f 608//606 666//664 665//663 
f 607//605 665//663 664//662 
f 606//604 664//662 663//661 
f 605//603 663//661 662//660 
f 604//602 662//660 661//659 
f 603//601 661//659 660//658 
f 602//600 660//658 659//657 
f 601//599 659//657 658//656 
f 600//598 658//656 657//655 
f 599//597 657//655 656//654 
f 598//596 656//654 655//653 
f 597//595 655//653 654//652 
f 596//594 654//652 653//651 
f 595//593 653//651 652//650 
f 594//592 652//650 651//649 
f 593//591 651//649 650//648 
f 592//590 650//648 649//647 
f 591//589 649//647 648//646 
f 590//588 648//646 647//645 
f 589//587 647//645 646//644 
f 588//586 646//644 645//643 
f 587//585 645//643 644//642 
f 586//584 644//642 643//641 
f 585//583 643//641 642//640 
f 584//582 642//640 641//639 
f 583//581 641//639 640//638 
f 524//522 582//580 639//637 
f 581//579 639//637 638//636 
f 580//578 638//636 637//635 
f 579//577 637//635 636//634 
f 578//576 636//634 635//633 
f 577//575 635//633 634//632 
f 576//574 634//632 633//631 
f 575//573 633//631 632//630 
f 574//572 632//630 631//629 
f 573//571 631//629 630//628 
f 572//570 630//628 629//627 
f 571//569 629//627 628//626 
f 570//568 628//626 627//625 
f 569//567 627//625 626//624 
f 568//566 626//624 625//623 
f 567//565 625//623 624//622 
f 566//564 624//622 623//621 
f 565//563 623//621 622//620 
f 564//562 622//620 621//619 
f 563//561 621//619 620//618 
f 562//560 620//618 619//617 
f 561//559 619//617 618//616 
f 560//558 618//616 617//615 
f 559//557 617//615 616//614 
f 558//556 616//614 615//613 
f 557//555 615//613 614//612 
f 556//554 614//612 613//611 
f 555//553 613//611 612//610 
f 554//552 612//610 611//609 
f 553//551 611//609 610//608 
f 552//550 610//608 609//607 
f 551//549 609//607 608//606 
f 550//548 608//606 607//605 
f 549//547 607//605 606//604 
f 548//546 606//604 605//603 
f 547//545 605//603 604//602 
f 546//544 604//602 603//601 
f 545//543 603//601 602//600 
f 544//542 602//600 601//599 
f 543//541 601//599 600//598 
f 542//540 600//598 599//597 
f 541//539 599//597 598//596 
f 540//538 598//596 597//595 
f 539//537 597//595 596//594 
f 538//536 596//594 595//593 
f 537//535 595//593 594//592 
f 536//534 594//592 593//591 
f 535//533 593//591 592//590 
f 534//532 592//590 591//589 
f 533//531 591//589 590//588 
f 532//530 590//588 589//587 
f 531//529 589//587 588//586 
f 530//528 588//586 587//585 
f 529//527 587//585 586//584 
f 528//526 586//584 585//583 
f 527//525 585//583 584//582 
f 526//524 584//582 583//581 
f 525//523 583//581 582//580 
f 466//464 524//522 581//579 
f 523//521 581//579 580//578 
f 522//520 580//578 579//577 
f 521//519 579//577 578//576 
f 520//518 578//576 577//575 
f 519//517 577//575 576//574 
f 518//516 576//574 575//573 
f 517//515 575//573 574//572 
f 516//514 574//572 573//571 
f 515//513 573//571 572//570 
f 514//512 572//570 571//569 
f 513//511 571//569 570//568 
f 512//510 570//568 569//567 
f 511//509 569//567 568//566 
f 510//508 568//566 567//565 
f 509//507 567//565 566//564 
f 508//506 566//564 565//563 
f 507//505 565//563 564//562 
f 506//504 564//562 563//561 
f 505//503 563//561 562//560 
f 504//502 562//560 561//559 
f 503//501 561//559 560//558 
f 502//500 560//558 559//557 
f 501//499 559//557 558//556 
f 500//498 558//556 557//555 
f 499//497 557//555 556//554 
f 498//496 556//554 555//553 
f 497//495 555//553 554//552 
f 496//494 554//552 553//551 
f 495//493 553//551 552//550 
f 494//492 552//550 551//549 
f 493//491 551//549 550//548 
f 492//490 550//548 549//547 
f 491//489 549//547 548//546 
f 490//488 548//546 547//545 
f 489//487 547//545 546//544 
f 488//486 546//544 545//543 
f 487//485 545//543 544//542 
f 486//484 544//542 543//541 
f 485//483 543//541 542//540 
f 484//482 542//540 541//539 
f 483//481 541//539 540//538 
f 482//480 540//538 539//537 
f 481//479 539//537 538//536 
f 480//478 538//536 537//535 
f 479//477 537//535 536//534 
f 478//476 536//534 535//533 
f 477//475 535//533 534//532 
f 476//474 534//532 533//531 
f 475//473 533//531 532//530 
f 474//472 532//530 531//529 
f 473//471 531//529 530//528 
f 472//470 530//528 529//527 
f 471//469 529//527 528//526 
f 470//468 528//526 527//525 
f 469//467 527//525 526//524 
f 468//466 526//524 525//523 
f 467//465 525//523 524//522 
f 408//406 466//464 523//521 
f 465//463 523//521 522//520 
f 464//462 522//520 521//519 
f 463//461 521//519 520//518 
f 462//460 520//518 519//517 
f 461//459 519//517 518//516 
f 460//458 518//516 517//515 
f 459//457 517//515 516//514 
f 458//456 516//514 515//513 
f 457//455 515//513 514//512 
f 456//454 514//512 513//511 
f 455//453 513//511 512//510 
f 454//452 512//510 511//509 
f 453//451 511//509 510//508 
f 452//450 510//508 509//507 
f 451//449 509//507 508//506 
f 450//448 508//506 507//505 
f 449//447 507//505 506//504 
f 448//446 506//504 505//503 
f 447//445 505//503 504//502 
f 446//444 504//502 503//501 
f 445//443 503//501 502//500 
f 444//442 502//500 501//499 
f 443//441 501//499 500//498 
f 442//440 500//498 499//497 
f 441//439 499//497 498//496 
f 440//438 498//496 497//495 
f 439//437 497//495 496//494 
f 438//436 496//494 495//493 
f 437//435 495//493 494//492 
f 436//434 494//492 493//491 
f 435//433 493//491 492//490 
f 434//432 492//490 491//489 
f 433//431 491//489 490//488 
f 432//430 490//488 489//487 
f 431//429 489//487 488//486 
f 430//428 488//486 487//485 
f 429//427 487//485 486//484 
f 428//426 486//484 485//483 
f 427//425 485//483 484//482 
f 426//424 484//482 483//481 
f 425//423 483//481 482//480 
f 424//422 482//480 481//479 
f 423//421 481//479 480//478 
f 422//420 480//478 479//477 
f 421//419 479//477 478//476 
f 420//418 478//476 477//475 
f 419//417 477//475 476//474 
f 418//416 476//474 475//473 
f 417//415 475//473 474//472 
f 416//414 474//472 473//471 
f 415//413 473//471 472//470 
f 414//412 472//470 471//469 
f 413//411 471//469 470//468 
f 412//410 470//468 469//467 
f 411//409 469//467 468//466 
f 410//408 468//466 467//465 
f 409//407 467//465 466//464 
f 350//348 408//406 465//463 
f 407//405 465//463 464//462 
f 406//404 464//462 463//461 
f 405//403 463//461 462//460 
f 404//402 462//460 461//459 
f 403//401 461//459 460//458 
f 402//400 460//458 459//457 
f 401//399 459//457 458//456 
f 400//398 458//456 457//455 
f 399//397 457//455 456//454 
f 398//396 456//454 455//453 
f 397//395 455//453 454//452 
f 396//394 454//452 453//451 
f 395//393 453//451 452//450 
f 394//392 452//450 451//449 
f 393//391 451//449 450//448 
f 392//390 450//448 449//447 
f 391//389 449//447 448//446 
f 390//388 448//446 447//445 
f 389//387 447//445 446//444 
f 388//386 446//444 445//443 
f 387//385 445//443 444//442 
f 386//384 444//442 443//441 
f 385//383 443//441 442//440 
f 384//382 442//440 441//439 
f 383//381 441//439 440//438 
f 382//380 440//438 439//437 
f 381//379 439//437 438//436 
f 380//378 438//436 437//435 
f 379//377 437//435 436//434 
f 378//376 436//434 435//433 
f 377//375 435//433 434//432 
f 376//374 434//432 433//431 
f 375//373 433//431 432//430 
f 374//372 432//430 431//429 
f 373//371 431//429 430//428 
f 372//370 430//428 429//427 
f 371//369 429//427 428//426 
f 370//368 428//426 427//425 
f 369//367 427//425 426//424 
f 368//366 426//424 425//423 
f 367//365 425//423 424//422 
f 366//364 424//422 423//421 
f 365//363 423//421 422//420 
f 364//362 422//420 421//419 
f 363//361 421//419 420//418 
f 362//360 420//418 419//417 
f 361//359 419//417 418//416 
f 360//358 418//416 417//415 
f 359//357 417//415 416//414 
f 358//356 416//414 415//413 
f 357//355 415//413 414//412 
f 356//354 414//412 413//411 
f 355//353 413//411 412//410 
f 354//352 412//410 411//409 
f 353//351 411//409 410//408 
f 352//350 410//408 409//407 
f 351//349 409//407 408//406 
f 292//290 350//348 407//405 
f 349//347 407//405 406//404 
f 348//346 406//404 405//403 
f 347//345 405//403 404//402 
f 346//344 404//402 403//401 
f 345//343 403//401 402//400 
f 344//342 402//400 401//399 
f 343//341 401//399 400//398 
f 342//340 400//398 399//397 
f 341//339 399//397 398//396 
f 340//338 398//396 397//395 
f 339//337 397//395 396//394 
f 338//336 396//394 395//393 
f 337//335 395//393 394//392 
f 336//334 394//392 393//391 
f 335//333 393//391 392//390 
f 334//332 392//390 391//389 
f 333//331 391//389 390//388 
f 332//330 390//388 389//387 
f 331//329 389//387 388//386 
f 330//328 388//386 387//385 
f 329//327 387//385 386//384 
f 328//326 386//384 385//383 
f 327//325 385//383 384//382 
f 326//324 384//382 383//381 
f 325//323 383//381 382//380 
f 324//322 382//380 381//379 
f 323//321 381//379 380//378 
f 322//320 380//378 379//377 
f 321//319 379//377 378//376 
f 320//318 378//376 377//375 
f 319//317 377//375 376//374 
f 318//316 376//374 375//373 
f 317//315 375//373 374//372 
f 316//314 374//372 373//371 
f 315//313 373//371 372//370 
f 314//312 372//370 371//369 
f 313//311 371//369 370//368 
f 312//310 370//368 369//367 
f 311//309 369//367 368//366 
f 310//308 368//366 367//365 
f 309//307 367//365 366//364 
f 308//306 366//364 365//363 
f 307//305 365//363 364//362 
f 306//304 364//362 363//361 
f 305//303 363//361 362//360 
f 304//302 362//360 361//359 
f 303//301 361//359 360//358 
f 302//300 360//358 359//357 
f 301//299 359//357 358//356 
f 300//298 358//356 357//355 
f 299//297 357//355 356//354 
f 298//296 356//354 355//353 
f 297//295 355//353 354//352 
f 296//294 354//352 353//351 
f 295//293 353//351 352//350 
f 294//292 352//350 351//349 
f 293//291 351//349 350//348 
f 234//232 292//290 349//347 
f 291//289 349//347 348//346 
f 290//288 348//346 347//345 
f 289//287 347//345 346//344 
f 288//286 346//344 345//343 
f 287//285 345//343 344//342 
f 286//284 344//342 343//341 
f 285//283 343//341 342//340 
f 284//282 342//340 341//339 
f 283//281 341//339 340//338 
f 282//280 340//338 339//337 
f 281//279 339//337 338//336 
f 280//278 338//336 337//335 
f 279//277 337//335 336//334 
f 278//276 336//334 335//333 
f 277//275 335//333 334//332 
f 276//274 334//332 333//331 
f 275//273 333//331 332//330 
f 274//272 332//330 331//329 
f 273//271 331//329 330//328 
f 272//270 330//328 329//327 
f 271//269 329//327 328//326 
f 270//268 328//326 327//325 
f 269//267 327//325 326//324 
f 268//266 326//324 325//323 
f 267//265 325//323 324//322 
f 266//264 324//322 323//321 
f 265//263 323//321 322//320 
f 264//262 322//320 321//319 
f 263//261 321//319 320//318 
f 262//260 320//318 319//317 
f 261//259 319//317 318//316 
f 260//258 318//316 317//315 
f 259//257 317//315 316//314 
f 258//256 316//314 315//313 
f 257//255 315//313 314//312 
f 256//254 314//312 313//311 
f 255//253 313//311 312//310 
f 254//252 312//310 311//309 
f 253//251 311//309 310//308 
f 252//250 310//308 309//307 
f 251//249 309//307 308//306 
f 250//248 308//306 307//305 
f 249//247 307//305 306//304 
f 248//246 306//304 305//303 
f 247//245 305//303 304//302 
f 246//244 304//302 303//301 
f 245//243 303//301 302//300 
f 244//242 302//300 301//299 
f 243//241 301//299 300//298 
f 242//240 300//298 299//297 
f 241//239 299//297 298//296 
f 240//238 298//296 297//295 
f 239//237 297//295 296//294 
f 238//236 296//294 295//293 
f 237//235 295//293 294//292 
f 236//234 294//292 293//291 
f 235//233 293//291 292//290 
f 118//116 234//232 291//289 
f 233//231 291//289 290//288 
f 231//229 290//288 289//287 
f 229//227 289//287 288//286 
f 227//225 288//286 287//285 
f 225//223 287//285 286//284 
f 223//221 286//284 285//283 
f 221//219 285//283 284//282 
f 219//217 284//282 283//281 
f 217//215 283//281 282//280 
f 215//213 282//280 281//279 
f 213//211 281//279 280//278 
f 211//209 280//278 279//277 
f 209//207 279//277 278//276 
f 207//205 278//276 277//275 
f 205//203 277//275 276//274 
f 203//201 276//274 275//273 
f 201//199 275//273 274//272 
f 199//197 274//272 273//271 
f 197//195 273//271 272//270 
f 195//193 272//270 271//269 
f 193//191 271//269 270//268 
f 191//189 270//268 269//267 
f 189//187 269//267 268//266 
f 187//185 268//266 267//265 
f 185//183 267//265 266//264 
f 183//181 266//264 265//263 
f 181//179 265//263 264//262 
f 179//177 264//262 263//261 
f 177//175 263//261 262//260 
f 175//173 262//260 261//259 
f 173//171 261//259 260//258 
f 171//169 260//258 259//257 
f 169//167 259//257 258//256 
f 167//165 258//256 257//255 
f 165//163 257//255 256//254 
f 163//161 256//254 255//253 
f 161//159 255//253 254//252 
f 159//157 254//252 253//251 
f 157//155 253//251 252//250 
f 155//153 252//250 251//249 
f 153//151 251//249 250//248 
f 151//149 250//248 249//247 
f 149//147 249//247 248//246 
f 147//145 248//246 247//245 
f 145//143 247//245 246//244 
f 143//141 246//244 245//243 
f 141//139 245//243 244//242 
f 139//137 244//242 243//241 
f 137//135 243//241 242//240 
f 135//133 242//240 241//239 
f 133//131 241//239 240//238 
f 131//129 240//238 239//237 
f 129//127 239//237 238//236 
f 127//125 238//236 237//235 
f 125//123 237//235 236//234 
f 123//121 236//234 235//233 
f 121//119 235//233 234//232 
f 119//117 118//116 233//231 
f 232//230 233//231 231//229 
f 230//228 231//229 229//227 
f 228//226 229//227 227//225 
f 226//224 227//225 225//223 
f 224//222 225//223 223//221 
f 222//220 223//221 221//219 
f 220//218 221//219 219//217 
f 218//216 219//217 217//215 
f 216//214 217//215 215//213 
f 214//212 215//213 213//211 
f 212//210 213//211 211//209 
f 210//208 211//209 209//207 
f 208//206 209//207 207//205 
f 206//204 207//205 205//203 
f 204//202 205//203 203//201 
f 202//200 203//201 201//199 
f 200//198 201//199 199//197 
f 198//196 199//197 197//195 
f 196//194 197//195 195//193 
f 194//192 195//193 193//191 
f 192//190 193//191 191//189 
f 190//188 191//189 189//187 
f 188//186 189//187 187//185 
f 186//184 187//185 185//183 
f 184//182 185//183 183//181 
f 182//180 183//181 181//179 
f 180//178 181//179 179//177 
f 178//176 179//177 177//175 
f 176//174 177//175 175//173 
f 174//172 175//173 173//171 
f 172//170 173//171 171//169 
f 170//168 171//169 169//167 
f 168//166 169//167 167//165 
f 166//164 167//165 165//163 
f 164//162 165//163 163//161 
f 162//160 163//161 161//159 
f 160//158 161//159 159//157 
f 158//156 159//157 157//155 
f 156//154 157//155 155//153 
f 154//152 155//153 153//151 
f 152//150 153//151 151//149 
f 150//148 151//149 149//147 
f 148//146 149//147 147//145 
f 146//144 147//145 145//143 
f 144//142 145//143 143//141 
f 142//140 143//141 141//139 
f 140//138 141//139 139//137 
f 138//136 139//137 137//135 
f 136//134 137//135 135//133 
f 134//132 135//133 133//131 
f 132//130 133//131 131//129 
f 130//128 131//129 129//127 
f 128//126 129//127 127//125 
f 126//124 127//125 125//123 
f 124//122 125//123 123//121 
f 122//120 123//121 121//119 
f 120//118 121//119 118//116 
f 119//117 232//230 1684//1740 
f 232//230 230//228 1684//1740 
f 230//228 228//226 1684//1740 
f 228//226 226//224 1684//1740 
f 226//224 224//222 1684//1740 
f 224//222 222//220 1684//1740 
f 222//220 220//218 1684//1740 
f 220//218 218//216 1684//1740 
f 218//216 216//214 1684//1740 
f 216//214 214//212 1684//1740 
f 214//212 212//210 1684//1740 
f 212//210 210//208 1684//1740 
f 210//208 208//206 1684//1740 
f 208//206 206//204 1684//1740 
f 206//204 204//202 1684//1740 
f 204//202 202//200 1684//1740 
f 202//200 200//198 1684//1740 
f 200//198 198//196 1684//1740 
f 198//196 196//194 1684//1740 
f 196//194 194//192 1684//1740 
f 194//192 192//190 1684//1740 
f 192//190 190//188 1684//1740 
f 190//188 188//186 1684//1740 
f 188//186 186//184 1684//1740 
f 186//184 184//182 1684//1740 
f 184//182 182//180 1684//1740 
f 182//180 180//178 1684//1740 
f 180//178 178//176 1684//1740 
f 178//176 176//174 1684//1740 
f 176//174 174//172 1684//1740 
f 174//172 172//170 1684//1740 
f 172//170 170//168 1684//1740 
f 170//168 168//166 1684//1740 
f 168//166 166//164 1684//1740 
f 166//164 164//162 1684//1740 
f 164//162 162//160 1684//1740 
f 162//160 160//158 1684//1740 
f 160//158 158//156 1684//1740 
f 158//156 156//154 1684//1740 
f 156//154 154//152 1684//1740 
f 154//152 152//150 1684//1740 
f 152//150 150//148 1684//1740 
f 150//148 148//146 1684//1740 
f 148//146 146//144 1684//1740 
f 146//144 144//142 1684//1740 
f 144//142 142//140 1684//1740 
f 142//140 140//138 1684//1740 
f 140//138 138//136 1684//1740 
f 138//136 136//134 1684//1740 
f 136//134 134//132 1684//1740 
f 134//132 132//130 1684//1740 
f 132//130 130//128 1684//1740 
f 130//128 128//126 1684//1740 
f 128//126 126//124 1684//1740 
f 126//124 124//122 1684//1740 
f 124//122 122//120 1684//1740 
f 122//120 120//118 1684//1740 
f 120//118 119//117 1684//1740 
g Part 1
v -3.51387e-05 -0.000323095 -0.01795 
v -6.98654e-05 -0.000317402 -0.01795 
v -0.000103773 -0.000307987 -0.01795 
v -0.000136464 -0.000294962 -0.01795 
v -0.000167555 -0.000278479 -0.01795 
v -0.000196682 -0.00025873 -0.01795 
v -0.000223502 -0.000235949 -0.01795 
v -0.000247703 -0.000210401 -0.01795 
v -0.000268999 -0.000182386 -0.01795 
v -0.000287141 -0.000152233 -0.01795 
v -0.000301917 -0.000120295 -0.01795 
v -0.000313154 -8.69467e-05 -0.01795 
v -0.000320719 -5.25791e-05 -0.01795 
v -0.000324523 -1.75951e-05 -0.01795 
v -0.000324523 1.75951e-05 -0.01795 
v -0.000320719 5.25791e-05 -0.01795 
v -0.000313154 8.69467e-05 -0.01795 
v -0.000301917 0.000120295 -0.01795 
v -0.000287141 0.000152233 -0.01795 
v -0.000268999 0.000182386 -0.01795 
v -0.000247703 0.000210401 -0.01795 
v -0.000223502 0.000235949 -0.01795 
v -0.000196682 0.00025873 -0.01795 
v -0.000167555 0.000278479 -0.01795 
v -0.000136464 0.000294962 -0.01795 
v -0.000103773 0.000307987 -0.01795 
v -6.98654e-05 0.000317402 -0.01795 
v -3.51387e-05 0.000323095 -0.01795 
v 3.9801e-20 0.000325 -0.01795 
v 3.51387e-05 0.000323095 -0.01795 
v 6.98654e-05 0.000317402 -0.01795 
v 0.000103773 0.000307987 -0.01795 
v 0.000136464 0.000294962 -0.01795 
v 0.000167555 0.000278479 -0.01795 
v 0.000196682 0.00025873 -0.01795 
v 0.000223502 0.000235949 -0.01795 
v 0.000247703 0.000210401 -0.01795 
v 0.000268999 0.000182386 -0.01795 
v 0.000287141 0.000152233 -0.01795 
v 0.000301917 0.000120295 -0.01795 
v 0.000313154 8.69467e-05 -0.01795 
v 0.000320719 5.25791e-05 -0.01795 
v 0.000324523 1.75951e-05 -0.01795 
v 0.000324523 -1.75951e-05 -0.01795 
v 0.000320719 -5.25791e-05 -0.01795 
v 0.000313154 -8.69467e-05 -0.01795 
v 0.000301917 -0.000120295 -0.01795 
v 0.000287141 -0.000152233 -0.01795 
v 0.000268999 -0.000182386 -0.01795 
v 0.000247703 -0.000210401 -0.01795 
v 0.000223502 -0.000235949 -0.01795 
v 0.000196682 -0.00025873 -0.01795 
v 0.000167555 -0.000278479 -0.01795 
v 0.000136464 -0.000294962 -0.01795 
v 0.000103773 -0.000307987 -0.01795 
v 6.98654e-05 -0.000317402 -0.01795 
v 3.51387e-05 -0.000323095 -0.01795 
v -7.9602e-20 -0.000325 -0.01795 
v 0 2.08167e-17 -0.01795 
v -3.9801e-20 -0.000325 0.01345 
v 3.51387e-05 -0.000323095 0.01345 
v 6.98654e-05 -0.000317402 0.01345 
v 0.000103773 -0.000307987 0.01345 
v 0.000136464 -0.000294962 0.01345 
v 0.000167555 -0.000278479 0.01345 
v 0.000196682 -0.00025873 0.01345 
v 0.000223502 -0.000235949 0.01345 
v 0.000247703 -0.000210401 0.01345 
v 0.000268999 -0.000182386 0.01345 
v 0.000287141 -0.000152233 0.01345 
v 0.000301917 -0.000120295 0.01345 
v 0.000313154 -8.69467e-05 0.01345 
v 0.000320719 -5.25791e-05 0.01345 
v 0.000324523 -1.75951e-05 0.01345 
v 0.000324523 1.75951e-05 0.01345 
v 0.000320719 5.25791e-05 0.01345 
v 0.000313154 8.69467e-05 0.01345 
v 0.000301917 0.000120295 0.01345 
v 0.000287141 0.000152233 0.01345 
v 0.000268999 0.000182386 0.01345 
v 0.000247703 0.000210401 0.01345 
v 0.000223502 0.000235949 0.01345 
v 0.000196682 0.00025873 0.01345 
v 0.000167555 0.000278479 0.01345 
v 0.000136464 0.000294962 0.01345 
v 0.000103773 0.000307987 0.01345 
v 6.98654e-05 0.000317402 0.01345 
v 3.51387e-05 0.000323095 0.01345 
v 0 0.000325 0.01345 
v -3.51387e-05 0.000323095 0.01345 
v -6.98654e-05 0.000317402 0.01345 
v -0.000103773 0.000307987 0.01345 
v -0.000136464 0.000294962 0.01345 
v -0.000167555 0.000278479 0.01345 
v -0.000196682 0.00025873 0.01345 
v -0.000223502 0.000235949 0.01345 
v -0.000247703 0.000210401 0.01345 
v -0.000268999 0.000182386 0.01345 
v -0.000287141 0.000152233 0.01345 
v -0.000301917 0.000120295 0.01345 
v -0.000313154 8.69467e-05 0.01345 
v -0.000320719 5.25791e-05 0.01345 
v -0.000324523 1.75951e-05 0.01345 
v -0.000324523 -1.75951e-05 0.01345 
v -0.000320719 -5.25791e-05 0.01345 
v -0.000313154 -8.69467e-05 0.01345 
v -0.000301917 -0.000120295 0.01345 
v -0.000287141 -0.000152233 0.01345 
v -0.000268999 -0.000182386 0.01345 
v -0.000247703 -0.000210401 0.01345 
v -0.000223502 -0.000235949 0.01345 
v -0.000196682 -0.00025873 0.01345 
v -0.000167555 -0.000278479 0.01345 
v -0.000136464 -0.000294962 0.01345 
v -0.000103773 -0.000307987 0.01345 
v -6.98654e-05 -0.000317402 0.01345 
v -3.51387e-05 -0.000323095 0.01345 
v -2.75979e-05 0.000253759 0.0160287 
v 0 0.000255255 0.0160287 
v 0 0.000324688 0.013887 
v -5.48723e-05 0.000249287 0.0160287 
v -3.51049e-05 0.000322784 0.013887 
v -8.15033e-05 0.000241893 0.0160287 
v -6.97982e-05 0.000317096 0.013887 
v -0.000107179 0.000231663 0.0160287 
v -0.000103673 0.000307691 0.013887 
v -0.000131598 0.000218717 0.0160287 
v -0.000136333 0.000294678 0.013887 
v -0.000154474 0.000203207 0.0160287 
v -0.000167394 0.000278211 0.013887 
v -0.000175539 0.000185314 0.0160287 
v -0.000196493 0.000258481 0.013887 
v -0.000194546 0.000165249 0.0160287 
v -0.000223287 0.000235722 0.013887 
v -0.000211272 0.000143246 0.0160287 
v -0.000247464 0.000210198 0.013887 
v -0.000225521 0.000119564 0.0160287 
v -0.00026874 0.00018221 0.013887 
v -0.000237126 9.44796e-05 0.0160287 
v -0.000286865 0.000152086 0.013887 
v -0.000245951 6.82879e-05 0.0160287 
v -0.000301627 0.000120179 0.013887 
v -0.000251892 4.12957e-05 0.0160287 
v -0.000312853 8.68631e-05 0.013887 
v -0.000254881 1.38192e-05 0.0160287 
v -0.00032041 5.25286e-05 0.013887 
v -0.000254881 -1.38192e-05 0.0160287 
v -0.000324211 1.75782e-05 0.013887 
v -0.000251892 -4.12957e-05 0.0160287 
v -0.000324211 -1.75782e-05 0.013887 
v -0.000245951 -6.82879e-05 0.0160287 
v -0.00032041 -5.25286e-05 0.013887 
v -0.000237126 -9.44796e-05 0.0160287 
v -0.000312853 -8.68631e-05 0.013887 
v -0.000225521 -0.000119564 0.0160287 
v -0.000301627 -0.000120179 0.013887 
v -0.000211272 -0.000143246 0.0160287 
v -0.000286865 -0.000152086 0.013887 
v -0.000194546 -0.000165249 0.0160287 
v -0.00026874 -0.00018221 0.013887 
v -0.000175539 -0.000185314 0.0160287 
v -0.000247464 -0.000210198 0.013887 
v -0.000154474 -0.000203207 0.0160287 
v -0.000223287 -0.000235722 0.013887 
v -0.000131598 -0.000218717 0.0160287 
v -0.000196493 -0.000258481 0.013887 
v -0.000107179 -0.000231663 0.0160287 
v -0.000167394 -0.000278211 0.013887 
v -8.15033e-05 -0.000241893 0.0160287 
v -0.000136333 -0.000294678 0.013887 
v -5.48723e-05 -0.000249287 0.0160287 
v -0.000103673 -0.000307691 0.013887 
v -2.75979e-05 -0.000253759 0.0160287 
v -6.97982e-05 -0.000317096 0.013887 
v 5.31356e-20 -0.000255255 0.0160287 
v -3.51049e-05 -0.000322784 0.013887 
v 2.75979e-05 -0.000253759 0.0160287 
v 6.75892e-20 -0.000324688 0.013887 
v 5.48723e-05 -0.000249287 0.0160287 
v 3.51049e-05 -0.000322784 0.013887 
v 8.15033e-05 -0.000241893 0.0160287 
v 6.97982e-05 -0.000317096 0.013887 
v 0.000107179 -0.000231663 0.0160287 
v 0.000103673 -0.000307691 0.013887 
v 0.000131598 -0.000218717 0.0160287 
v 0.000136333 -0.000294678 0.013887 
v 0.000154474 -0.000203207 0.0160287 
v 0.000167394 -0.000278211 0.013887 
v 0.000175539 -0.000185314 0.0160287 
v 0.000196493 -0.000258481 0.013887 
v 0.000194546 -0.000165249 0.0160287 
v 0.000223287 -0.000235722 0.013887 
v 0.000211272 -0.000143246 0.0160287 
v 0.000247464 -0.000210198 0.013887 
v 0.000225521 -0.000119564 0.0160287 
v 0.00026874 -0.00018221 0.013887 
v 0.000237126 -9.44796e-05 0.0160287 
v 0.000286865 -0.000152086 0.013887 
v 0.000245951 -6.82879e-05 0.0160287 
v 0.000301627 -0.000120179 0.013887 
v 0.000251892 -4.12957e-05 0.0160287 
v 0.000312853 -8.68631e-05 0.013887 
v 0.000254881 -1.38192e-05 0.0160287 
v 0.00032041 -5.25286e-05 0.013887 
v 0.000254881 1.38192e-05 0.0160287 
v 0.000324211 -1.75782e-05 0.013887 
v 0.000251892 4.12957e-05 0.0160287 
v 0.000324211 1.75782e-05 0.013887 
v 0.000245951 6.82879e-05 0.0160287 
v 0.00032041 5.25286e-05 0.013887 
v 0.000237126 9.44796e-05 0.0160287 
v 0.000312853 8.68631e-05 0.013887 
v 0.000225521 0.000119564 0.0160287 
v 0.000301627 0.000120179 0.013887 
v 0.000211272 0.000143246 0.0160287 
v 0.000286865 0.000152086 0.013887 
v 0.000194546 0.000165249 0.0160287 
v 0.00026874 0.00018221 0.013887 
v 0.000175539 0.000185314 0.0160287 
v 0.000247464 0.000210198 0.013887 
v 0.000154474 0.000203207 0.0160287 
v 0.000223287 0.000235722 0.013887 
v 0.000131598 0.000218717 0.0160287 
v 0.000196493 0.000258481 0.013887 
v 0.000107179 0.000231663 0.0160287 
v 0.000167394 0.000278211 0.013887 
v 8.15033e-05 0.000241893 0.0160287 
v 0.000136333 0.000294678 0.013887 
v 5.48723e-05 0.000249287 0.0160287 
v 0.000103673 0.000307691 0.013887 
v 2.75979e-05 0.000253759 0.0160287 
v 6.97982e-05 0.000317096 0.013887 
v 3.51049e-05 0.000322784 0.013887 
v 0 0 0.01795 
vn 0 4.8321e-17 -1 
vn 0 -1 -4.8321e-17 
vn 0.108119 -0.994138 -4.80377e-17 
vn 0.21497 -0.976621 -4.71913e-17 
vn 0.319302 -0.947653 -4.57915e-17 
vn 0.419889 -0.907575 -4.38549e-17 
vn 0.515554 -0.856857 -4.14042e-17 
vn 0.605174 -0.796093 -3.8468e-17 
vn 0.687699 -0.725995 -3.50808e-17 
vn 0.762162 -0.647386 -3.12823e-17 
vn 0.827689 -0.561187 -2.71171e-17 
vn 0.883512 -0.468408 -2.2634e-17 
vn 0.928977 -0.370138 -1.78854e-17 
vn 0.96355 -0.267528 -1.29272e-17 
vn 0.986827 -0.161782 -7.81747e-18 
vn 0.998533 -0.0541389 -2.61605e-18 
vn 0.998533 0.0541389 2.61605e-18 
vn 0.986827 0.161782 7.81747e-18 
vn 0.96355 0.267528 1.29272e-17 
vn 0.928977 0.370138 1.78854e-17 
vn 0.883512 0.468408 2.2634e-17 
vn 0.827689 0.561187 2.71171e-17 
vn 0.762162 0.647386 3.12823e-17 
vn 0.687699 0.725995 3.50808e-17 
vn 0.605174 0.796093 3.8468e-17 
vn 0.515554 0.856857 4.14042e-17 
vn 0.419889 0.907575 4.38549e-17 
vn 0.319302 0.947653 4.57915e-17 
vn 0.21497 0.976621 4.71913e-17 
vn 0.108119 0.994138 4.80377e-17 
vn 1.22465e-16 1 4.8321e-17 
vn -0.108119 0.994138 4.80377e-17 
vn -0.21497 0.976621 4.71913e-17 
vn -0.319302 0.947653 4.57915e-17 
vn -0.419889 0.907575 4.38549e-17 
vn -0.515554 0.856857 4.14042e-17 
vn -0.605174 0.796093 3.8468e-17 
vn -0.687699 0.725995 3.50808e-17 
vn -0.762162 0.647386 3.12823e-17 
vn -0.827689 0.561187 2.71171e-17 
vn -0.883512 0.468408 2.2634e-17 
vn -0.928977 0.370138 1.78854e-17 
vn -0.96355 0.267528 1.29272e-17 
vn -0.986827 0.161782 7.81747e-18 
vn -0.998533 0.0541389 2.61605e-18 
vn -0.998533 -0.0541389 -2.61605e-18 
vn -0.986827 -0.161782 -7.81747e-18 
vn -0.96355 -0.267528 -1.29272e-17 
vn -0.928977 -0.370138 -1.78854e-17 
vn -0.883512 -0.468408 -2.2634e-17 
vn -0.827689 -0.561187 -2.71171e-17 
vn -0.762162 -0.647386 -3.12823e-17 
vn -0.687699 -0.725995 -3.50808e-17 
vn -0.605174 -0.796093 -3.8468e-17 
vn -0.515554 -0.856857 -4.14042e-17 
vn -0.419889 -0.907575 -4.38549e-17 
vn -0.319302 -0.947653 -4.57915e-17 
vn -0.21497 -0.976621 -4.71913e-17 
vn -0.108119 -0.994138 -4.80377e-17 
vn -0.10778 0.99102 0.0791342 
vn 0 0.996864 0.0791342 
vn 0 0.999998 0.00217633 
vn -0.214296 0.973558 0.0791342 
vn -0.108119 0.994136 0.00217633 
vn -0.3183 0.944681 0.0791342 
vn -0.21497 0.976618 0.00217633 
vn -0.418572 0.904729 0.0791342 
vn -0.319301 0.947651 0.00217633 
vn -0.513937 0.85417 0.0791342 
vn -0.419888 0.907573 0.00217633 
vn -0.603276 0.793596 0.0791342 
vn -0.515553 0.856855 0.00217633 
vn -0.685543 0.723719 0.0791342 
vn -0.605173 0.796091 0.00217633 
vn -0.759772 0.645356 0.0791342 
vn -0.687698 0.725994 0.00217633 
vn -0.825093 0.559427 0.0791342 
vn -0.76216 0.647385 0.00217633 
vn -0.880741 0.466939 0.0791342 
vn -0.827687 0.561186 0.00217633 
vn -0.926063 0.368977 0.0791342 
vn -0.88351 0.468407 0.00217633 
vn -0.960528 0.266689 0.0791342 
vn -0.928975 0.370137 0.00217633 
vn -0.983732 0.161275 0.0791342 
vn -0.963548 0.267528 0.00217633 
vn -0.995402 0.0539691 0.0791342 
vn -0.986824 0.161782 0.00217633 
vn -0.995402 -0.0539691 0.0791342 
vn -0.998531 0.0541388 0.00217633 
vn -0.983732 -0.161275 0.0791342 
vn -0.998531 -0.0541388 0.00217633 
vn -0.960528 -0.266689 0.0791342 
vn -0.986824 -0.161782 0.00217633 
vn -0.926063 -0.368977 0.0791342 
vn -0.963548 -0.267528 0.00217633 
vn -0.880741 -0.466939 0.0791342 
vn -0.928975 -0.370137 0.00217633 
vn -0.825093 -0.559427 0.0791342 
vn -0.88351 -0.468407 0.00217633 
vn -0.759772 -0.645356 0.0791342 
vn -0.827687 -0.561186 0.00217633 
vn -0.685543 -0.723719 0.0791342 
vn -0.76216 -0.647385 0.00217633 
vn -0.603276 -0.793596 0.0791342 
vn -0.687698 -0.725994 0.00217633 
vn -0.513937 -0.85417 0.0791342 
vn -0.605173 -0.796091 0.00217633 
vn -0.418572 -0.904729 0.0791342 
vn -0.515553 -0.856855 0.00217633 
vn -0.3183 -0.944681 0.0791342 
vn -0.419888 -0.907573 0.00217633 
vn -0.214296 -0.973558 0.0791342 
vn -0.319301 -0.947651 0.00217633 
vn -0.10778 -0.99102 0.0791342 
vn -0.21497 -0.976618 0.00217633 
vn 2.07514e-16 -0.996864 0.0791342 
vn -0.108119 -0.994136 0.00217633 
vn 0.10778 -0.99102 0.0791342 
vn 2.08166e-16 -0.999998 0.00217633 
vn 0.214296 -0.973558 0.0791342 
vn 0.108119 -0.994136 0.00217633 
vn 0.3183 -0.944681 0.0791342 
vn 0.21497 -0.976618 0.00217633 
vn 0.418572 -0.904729 0.0791342 
vn 0.319301 -0.947651 0.00217633 
vn 0.513937 -0.85417 0.0791342 
vn 0.419888 -0.907573 0.00217633 
vn 0.603276 -0.793596 0.0791342 
vn 0.515553 -0.856855 0.00217633 
vn 0.685543 -0.723719 0.0791342 
vn 0.605173 -0.796091 0.00217633 
vn 0.759772 -0.645356 0.0791342 
vn 0.687698 -0.725994 0.00217633 
vn 0.825093 -0.559427 0.0791342 
vn 0.76216 -0.647385 0.00217633 
vn 0.880741 -0.466939 0.0791342 
vn 0.827687 -0.561186 0.00217633 
vn 0.926063 -0.368977 0.0791342 
vn 0.88351 -0.468407 0.00217633 
vn 0.960528 -0.266689 0.0791342 
vn 0.928975 -0.370137 0.00217633 
vn 0.983732 -0.161275 0.0791342 
vn 0.963548 -0.267528 0.00217633 
vn 0.995402 -0.0539691 0.0791342 
vn 0.986824 -0.161782 0.00217633 
vn 0.995402 0.0539691 0.0791342 
vn 0.998531 -0.0541388 0.00217633 
vn 0.983732 0.161275 0.0791342 
vn 0.998531 0.0541388 0.00217633 
vn 0.960528 0.266689 0.0791342 
vn 0.986824 0.161782 0.00217633 
vn 0.926063 0.368977 0.0791342 
vn 0.963548 0.267528 0.00217633 
vn 0.880741 0.466939 0.0791342 
vn 0.928975 0.370137 0.00217633 
vn 0.825093 0.559427 0.0791342 
vn 0.88351 0.468407 0.00217633 
vn 0.759772 0.645356 0.0791342 
vn 0.827687 0.561186 0.00217633 
vn 0.685543 0.723719 0.0791342 
vn 0.76216 0.647385 0.00217633 
vn 0.603276 0.793596 0.0791342 
vn 0.687698 0.725994 0.00217633 
vn 0.513937 0.85417 0.0791342 
vn 0.605173 0.796091 0.00217633 
vn 0.418572 0.904729 0.0791342 
vn 0.515553 0.856855 0.00217633 
vn 0.3183 0.944681 0.0791342 
vn 0.419888 0.907573 0.00217633 
vn 0.214296 0.973558 0.0791342 
vn 0.319301 0.947651 0.00217633 
vn 0.10778 0.99102 0.0791342 
vn 0.21497 0.976618 0.00217633 
vn 0.108119 0.994136 0.00217633 
vn 0 1 0 
vn -0.108119 0.994138 -4.8321e-17 
vn -0.21497 0.976621 -4.8321e-17 
vn -0.319302 0.947653 -4.8321e-17 
vn -0.419889 0.907575 -4.8321e-17 
vn -0.515554 0.856857 -4.8321e-17 
vn -0.605174 0.796093 -4.8321e-17 
vn -0.687699 0.725995 -4.8321e-17 
vn -0.762162 0.647386 -4.8321e-17 
vn -0.827689 0.561187 -4.8321e-17 
vn -0.883512 0.468408 -4.8321e-17 
vn -0.928977 0.370138 -4.8321e-17 
vn -0.96355 0.267528 -4.8321e-17 
vn -0.986827 0.161782 -4.8321e-17 
vn -0.998533 0.0541389 -4.8321e-17 
vn -0.998533 -0.0541389 -4.8321e-17 
vn -0.986827 -0.161782 -4.8321e-17 
vn -0.96355 -0.267528 -4.8321e-17 
vn -0.928977 -0.370138 -4.8321e-17 
vn -0.883512 -0.468408 -4.8321e-17 
vn -0.827689 -0.561187 -4.8321e-17 
vn -0.762162 -0.647386 -4.8321e-17 
vn -0.687699 -0.725995 -4.8321e-17 
vn -0.605174 -0.796093 -4.8321e-17 
vn -0.515554 -0.856857 -4.8321e-17 
vn -0.419889 -0.907575 -4.8321e-17 
vn -0.319302 -0.947653 -4.8321e-17 
vn -0.21497 -0.976621 -4.8321e-17 
vn -0.108119 -0.994138 -4.8321e-17 
vn 2.08167e-16 -1 -4.8321e-17 
vn 0.108119 -0.994138 -4.8321e-17 
vn 0.21497 -0.976621 -4.8321e-17 
vn 0.319302 -0.947653 -4.8321e-17 
vn 0.419889 -0.907575 -4.8321e-17 
vn 0.515554 -0.856857 -4.8321e-17 
vn 0.605174 -0.796093 -4.8321e-17 
vn 0.687699 -0.725995 -4.8321e-17 
vn 0.762162 -0.647386 -4.8321e-17 
vn 0.827689 -0.561187 -4.8321e-17 
vn 0.883512 -0.468408 -4.8321e-17 
vn 0.928977 -0.370138 -4.8321e-17 
vn 0.96355 -0.267528 -4.8321e-17 
vn 0.986827 -0.161782 -4.8321e-17 
vn 0.998533 -0.0541389 -4.8321e-17 
vn 0.998533 0.0541389 -4.8321e-17 
vn 0.986827 0.161782 -4.8321e-17 
vn 0.96355 0.267528 -4.8321e-17 
vn 0.928977 0.370138 -4.8321e-17 
vn 0.883512 0.468408 -4.8321e-17 
vn 0.827689 0.561187 -4.8321e-17 
vn 0.762162 0.647386 -4.8321e-17 
vn 0.687699 0.725995 -4.8321e-17 
vn 0.605174 0.796093 -4.8321e-17 
vn 0.515554 0.856857 -4.8321e-17 
vn 0.419889 0.907575 -4.8321e-17 
vn 0.319302 0.947653 -4.8321e-17 
vn 0.21497 0.976621 -4.8321e-17 
vn 0.108119 0.994138 -4.8321e-17 
vn 0.0532461 0.982067 0.180859 
vn 0.159114 0.970553 0.180859 
vn 0.263117 0.94766 0.180859 
vn 0.364034 0.913657 0.180859 
vn 0.460684 0.868942 0.180859 
vn 0.551933 0.81404 0.180859 
vn 0.63671 0.749593 0.180859 
vn 0.714023 0.676359 0.180859 
vn 0.782965 0.595194 0.180859 
vn 0.842727 0.507052 0.180859 
vn 0.892609 0.412965 0.180859 
vn 0.932025 0.314036 0.180859 
vn 0.960515 0.211425 0.180859 
vn 0.977744 0.106336 0.180859 
vn 0.983509 -1.92773e-15 0.180859 
vn 0.977744 -0.106336 0.180859 
vn 0.960515 -0.211425 0.180859 
vn 0.932025 -0.314036 0.180859 
vn 0.892609 -0.412965 0.180859 
vn 0.842727 -0.507052 0.180859 
vn 0.782965 -0.595194 0.180859 
vn 0.714023 -0.676359 0.180859 
vn 0.63671 -0.749593 0.180859 
vn 0.551933 -0.81404 0.180859 
vn 0.460684 -0.868942 0.180859 
vn 0.364034 -0.913657 0.180859 
vn 0.263117 -0.94766 0.180859 
vn 0.159114 -0.970553 0.180859 
vn 0.0532461 -0.982067 0.180859 
vn -0.0532461 -0.982067 0.180859 
vn -0.159114 -0.970553 0.180859 
vn -0.263117 -0.94766 0.180859 
vn -0.364034 -0.913657 0.180859 
vn -0.460684 -0.868942 0.180859 
vn -0.551933 -0.81404 0.180859 
vn -0.63671 -0.749593 0.180859 
vn -0.714023 -0.676359 0.180859 
vn -0.782965 -0.595194 0.180859 
vn -0.842727 -0.507052 0.180859 
vn -0.892609 -0.412965 0.180859 
vn -0.932025 -0.314036 0.180859 
vn -0.960515 -0.211425 0.180859 
vn -0.977744 -0.106336 0.180859 
vn -0.983509 6.02226e-17 0.180859 
vn -0.977744 0.106336 0.180859 
vn -0.960515 0.211425 0.180859 
vn -0.932025 0.314036 0.180859 
vn -0.892609 0.412965 0.180859 
vn -0.842727 0.507052 0.180859 
vn -0.782965 0.595194 0.180859 
vn -0.714023 0.676359 0.180859 
vn -0.63671 0.749593 0.180859 
vn -0.551933 0.81404 0.180859 
vn -0.460684 0.868942 0.180859 
vn -0.364034 0.913657 0.180859 
vn -0.263117 0.94766 0.180859 
vn -0.159114 0.970553 0.180859 
vn -0.0532461 0.982067 0.180859 
usemtl 0.615686_0.811765_0.929412_0.000000_0.000000
o mesh3
f 1743//1741 1685//1741 1686//1741 
f 1686//1741 1687//1741 1743//1741 
f 1687//1741 1688//1741 1743//1741 
f 1688//1741 1689//1741 1743//1741 
f 1689//1741 1690//1741 1743//1741 
f 1690//1741 1691//1741 1743//1741 
f 1691//1741 1692//1741 1743//1741 
f 1692//1741 1693//1741 1743//1741 
f 1693//1741 1694//1741 1743//1741 
f 1694//1741 1695//1741 1743//1741 
f 1695//1741 1696//1741 1743//1741 
f 1696//1741 1697//1741 1743//1741 
f 1697//1741 1698//1741 1743//1741 
f 1698//1741 1699//1741 1743//1741 
f 1699//1741 1700//1741 1743//1741 
f 1700//1741 1701//1741 1743//1741 
f 1701//1741 1702//1741 1743//1741 
f 1702//1741 1703//1741 1743//1741 
f 1703//1741 1704//1741 1743//1741 
f 1704//1741 1705//1741 1743//1741 
f 1705//1741 1706//1741 1743//1741 
f 1706//1741 1707//1741 1743//1741 
f 1707//1741 1708//1741 1743//1741 
f 1708//1741 1709//1741 1743//1741 
f 1709//1741 1710//1741 1743//1741 
f 1710//1741 1711//1741 1743//1741 
f 1711//1741 1712//1741 1743//1741 
f 1712//1741 1713//1741 1743//1741 
f 1713//1741 1714//1741 1743//1741 
f 1714//1741 1715//1741 1743//1741 
f 1715//1741 1716//1741 1743//1741 
f 1716//1741 1717//1741 1743//1741 
f 1717//1741 1718//1741 1743//1741 
f 1718//1741 1719//1741 1743//1741 
f 1719//1741 1720//1741 1743//1741 
f 1720//1741 1721//1741 1743//1741 
f 1721//1741 1722//1741 1743//1741 
f 1722//1741 1723//1741 1743//1741 
f 1723//1741 1724//1741 1743//1741 
f 1724//1741 1725//1741 1743//1741 
f 1725//1741 1726//1741 1743//1741 
f 1726//1741 1727//1741 1743//1741 
f 1727//1741 1728//1741 1743//1741 
f 1728//1741 1729//1741 1743//1741 
f 1729//1741 1730//1741 1743//1741 
f 1730//1741 1731//1741 1743//1741 
f 1731//1741 1732//1741 1743//1741 
f 1732//1741 1733//1741 1743//1741 
f 1733//1741 1734//1741 1743//1741 
f 1734//1741 1735//1741 1743//1741 
f 1735//1741 1736//1741 1743//1741 
f 1736//1741 1737//1741 1743//1741 
f 1737//1741 1738//1741 1743//1741 
f 1738//1741 1739//1741 1743//1741 
f 1739//1741 1740//1741 1743//1741 
f 1740//1741 1741//1741 1743//1741 
f 1741//1741 1742//1741 1743//1741 
f 1742//1741 1685//1741 1743//1741 
o mesh4
f 1744//1742 1742//1742 1741//1743 
f 1745//1743 1741//1743 1740//1744 
f 1746//1744 1740//1744 1739//1745 
f 1747//1745 1739//1745 1738//1746 
f 1748//1746 1738//1746 1737//1747 
f 1749//1747 1737//1747 1736//1748 
f 1750//1748 1736//1748 1735//1749 
f 1751//1749 1735//1749 1734//1750 
f 1752//1750 1734//1750 1733//1751 
f 1753//1751 1733//1751 1732//1752 
f 1754//1752 1732//1752 1731//1753 
f 1755//1753 1731//1753 1730//1754 
f 1756//1754 1730//1754 1729//1755 
f 1757//1755 1729//1755 1728//1756 
f 1758//1756 1728//1756 1727//1757 
f 1759//1757 1727//1757 1726//1758 
f 1760//1758 1726//1758 1725//1759 
f 1761//1759 1725//1759 1724//1760 
f 1762//1760 1724//1760 1723//1761 
f 1763//1761 1723//1761 1722//1762 
f 1764//1762 1722//1762 1721//1763 
f 1765//1763 1721//1763 1720//1764 
f 1766//1764 1720//1764 1719//1765 
f 1767//1765 1719//1765 1718//1766 
f 1768//1766 1718//1766 1717//1767 
f 1769//1767 1717//1767 1716//1768 
f 1770//1768 1716//1768 1715//1769 
f 1771//1769 1715//1769 1714//1770 
f 1772//1770 1714//1770 1713//1771 
f 1773//1771 1713//1771 1712//1772 
f 1774//1772 1712//1772 1711//1773 
f 1775//1773 1711//1773 1710//1774 
f 1776//1774 1710//1774 1709//1775 
f 1777//1775 1709//1775 1708//1776 
f 1778//1776 1708//1776 1707//1777 
f 1779//1777 1707//1777 1706//1778 
f 1780//1778 1706//1778 1705//1779 
f 1781//1779 1705//1779 1704//1780 
f 1782//1780 1704//1780 1703//1781 
f 1783//1781 1703//1781 1702//1782 
f 1784//1782 1702//1782 1701//1783 
f 1785//1783 1701//1783 1700//1784 
f 1786//1784 1700//1784 1699//1785 
f 1787//1785 1699//1785 1698//1786 
f 1788//1786 1698//1786 1697//1787 
f 1789//1787 1697//1787 1696//1788 
f 1790//1788 1696//1788 1695//1789 
f 1791//1789 1695//1789 1694//1790 
f 1792//1790 1694//1790 1693//1791 
f 1793//1791 1693//1791 1692//1792 
f 1794//1792 1692//1792 1691//1793 
f 1795//1793 1691//1793 1690//1794 
f 1796//1794 1690//1794 1689//1795 
f 1797//1795 1689//1795 1688//1796 
f 1798//1796 1688//1796 1687//1797 
f 1799//1797 1687//1797 1686//1798 
f 1800//1798 1686//1798 1685//1799 
f 1801//1799 1685//1799 1742//1742 
f 1742//1742 1744//1742 1801//1799 
f 1685//1799 1801//1799 1800//1798 
f 1686//1798 1800//1798 1799//1797 
f 1687//1797 1799//1797 1798//1796 
f 1688//1796 1798//1796 1797//1795 
f 1689//1795 1797//1795 1796//1794 
f 1690//1794 1796//1794 1795//1793 
f 1691//1793 1795//1793 1794//1792 
f 1692//1792 1794//1792 1793//1791 
f 1693//1791 1793//1791 1792//1790 
f 1694//1790 1792//1790 1791//1789 
f 1695//1789 1791//1789 1790//1788 
f 1696//1788 1790//1788 1789//1787 
f 1697//1787 1789//1787 1788//1786 
f 1698//1786 1788//1786 1787//1785 
f 1699//1785 1787//1785 1786//1784 
f 1700//1784 1786//1784 1785//1783 
f 1701//1783 1785//1783 1784//1782 
f 1702//1782 1784//1782 1783//1781 
f 1703//1781 1783//1781 1782//1780 
f 1704//1780 1782//1780 1781//1779 
f 1705//1779 1781//1779 1780//1778 
f 1706//1778 1780//1778 1779//1777 
f 1707//1777 1779//1777 1778//1776 
f 1708//1776 1778//1776 1777//1775 
f 1709//1775 1777//1775 1776//1774 
f 1710//1774 1776//1774 1775//1773 
f 1711//1773 1775//1773 1774//1772 
f 1712//1772 1774//1772 1773//1771 
f 1713//1771 1773//1771 1772//1770 
f 1714//1770 1772//1770 1771//1769 
f 1715//1769 1771//1769 1770//1768 
f 1716//1768 1770//1768 1769//1767 
f 1717//1767 1769//1767 1768//1766 
f 1718//1766 1768//1766 1767//1765 
f 1719//1765 1767//1765 1766//1764 
f 1720//1764 1766//1764 1765//1763 
f 1721//1763 1765//1763 1764//1762 
f 1722//1762 1764//1762 1763//1761 
f 1723//1761 1763//1761 1762//1760 
f 1724//1760 1762//1760 1761//1759 
f 1725//1759 1761//1759 1760//1758 
f 1726//1758 1760//1758 1759//1757 
f 1727//1757 1759//1757 1758//1756 
f 1728//1756 1758//1756 1757//1755 
f 1729//1755 1757//1755 1756//1754 
f 1730//1754 1756//1754 1755//1753 
f 1731//1753 1755//1753 1754//1752 
f 1732//1752 1754//1752 1753//1751 
f 1733//1751 1753//1751 1752//1750 
f 1734//1750 1752//1750 1751//1749 
f 1735//1749 1751//1749 1750//1748 
f 1736//1748 1750//1748 1749//1747 
f 1737//1747 1749//1747 1748//1746 
f 1738//1746 1748//1746 1747//1745 
f 1739//1745 1747//1745 1746//1744 
f 1740//1744 1746//1744 1745//1743 
f 1741//1743 1745//1743 1744//1742 
o mesh5
f 1802//1800 1803//1801 1804//1802 
f 1805//1803 1802//1800 1806//1804 
f 1807//1805 1805//1803 1808//1806 
f 1809//1807 1807//1805 1810//1808 
f 1811//1809 1809//1807 1812//1810 
f 1813//1811 1811//1809 1814//1812 
f 1815//1813 1813//1811 1816//1814 
f 1817//1815 1815//1813 1818//1816 
f 1819//1817 1817//1815 1820//1818 
f 1821//1819 1819//1817 1822//1820 
f 1823//1821 1821//1819 1824//1822 
f 1825//1823 1823//1821 1826//1824 
f 1827//1825 1825//1823 1828//1826 
f 1829//1827 1827//1825 1830//1828 
f 1831//1829 1829//1827 1832//1830 
f 1833//1831 1831//1829 1834//1832 
f 1835//1833 1833//1831 1836//1834 
f 1837//1835 1835//1833 1838//1836 
f 1839//1837 1837//1835 1840//1838 
f 1841//1839 1839//1837 1842//1840 
f 1843//1841 1841//1839 1844//1842 
f 1845//1843 1843//1841 1846//1844 
f 1847//1845 1845//1843 1848//1846 
f 1849//1847 1847//1845 1850//1848 
f 1851//1849 1849//1847 1852//1850 
f 1853//1851 1851//1849 1854//1852 
f 1855//1853 1853//1851 1856//1854 
f 1857//1855 1855//1853 1858//1856 
f 1859//1857 1857//1855 1860//1858 
f 1861//1859 1859//1857 1862//1860 
f 1863//1861 1861//1859 1864//1862 
f 1865//1863 1863//1861 1866//1864 
f 1867//1865 1865//1863 1868//1866 
f 1869//1867 1867//1865 1870//1868 
f 1871//1869 1869//1867 1872//1870 
f 1873//1871 1871//1869 1874//1872 
f 1875//1873 1873//1871 1876//1874 
f 1877//1875 1875//1873 1878//1876 
f 1879//1877 1877//1875 1880//1878 
f 1881//1879 1879//1877 1882//1880 
f 1883//1881 1881//1879 1884//1882 
f 1885//1883 1883//1881 1886//1884 
f 1887//1885 1885//1883 1888//1886 
f 1889//1887 1887//1885 1890//1888 
f 1891//1889 1889//1887 1892//1890 
f 1893//1891 1891//1889 1894//1892 
f 1895//1893 1893//1891 1896//1894 
f 1897//1895 1895//1893 1898//1896 
f 1899//1897 1897//1895 1900//1898 
f 1901//1899 1899//1897 1902//1900 
f 1903//1901 1901//1899 1904//1902 
f 1905//1903 1903//1901 1906//1904 
f 1907//1905 1905//1903 1908//1906 
f 1909//1907 1907//1905 1910//1908 
f 1911//1909 1909//1907 1912//1910 
f 1913//1911 1911//1909 1914//1912 
f 1915//1913 1913//1911 1916//1914 
f 1803//1801 1915//1913 1917//1915 
f 1773//1916 1774//1917 1806//1804 
f 1774//1917 1775//1918 1808//1806 
f 1775//1918 1776//1919 1810//1808 
f 1776//1919 1777//1920 1812//1810 
f 1777//1920 1778//1921 1814//1812 
f 1778//1921 1779//1922 1816//1814 
f 1779//1922 1780//1923 1818//1816 
f 1780//1923 1781//1924 1820//1818 
f 1781//1924 1782//1925 1822//1820 
f 1782//1925 1783//1926 1824//1822 
f 1783//1926 1784//1927 1826//1824 
f 1784//1927 1785//1928 1828//1826 
f 1785//1928 1786//1929 1830//1828 
f 1786//1929 1787//1930 1832//1830 
f 1787//1930 1788//1931 1834//1832 
f 1788//1931 1789//1932 1836//1834 
f 1789//1932 1790//1933 1838//1836 
f 1790//1933 1791//1934 1840//1838 
f 1791//1934 1792//1935 1842//1840 
f 1793//1936 1844//1842 1842//1840 
f 1793//1936 1794//1937 1846//1844 
f 1794//1937 1795//1938 1848//1846 
f 1795//1938 1796//1939 1850//1848 
f 1796//1939 1797//1940 1852//1850 
f 1797//1940 1798//1941 1854//1852 
f 1798//1941 1799//1942 1856//1854 
f 1799//1942 1800//1943 1858//1856 
f 1800//1943 1801//1944 1860//1858 
f 1801//1944 1744//1945 1862//1860 
f 1744//1945 1745//1946 1864//1862 
f 1745//1946 1746//1947 1866//1864 
f 1746//1947 1747//1948 1868//1866 
f 1747//1948 1748//1949 1870//1868 
f 1748//1949 1749//1950 1872//1870 
f 1749//1950 1750//1951 1874//1872 
f 1750//1951 1751//1952 1876//1874 
f 1751//1952 1752//1953 1878//1876 
f 1752//1953 1753//1954 1880//1878 
f 1753//1954 1754//1955 1882//1880 
f 1754//1955 1755//1956 1884//1882 
f 1755//1956 1756//1957 1886//1884 
f 1756//1957 1757//1958 1888//1886 
f 1757//1958 1758//1959 1890//1888 
f 1758//1959 1759//1960 1892//1890 
f 1759//1960 1760//1961 1894//1892 
f 1760//1961 1761//1962 1896//1894 
f 1761//1962 1762//1963 1898//1896 
f 1762//1963 1763//1964 1900//1898 
f 1763//1964 1764//1965 1902//1900 
f 1764//1965 1765//1966 1904//1902 
f 1765//1966 1766//1967 1906//1904 
f 1766//1967 1767//1968 1908//1906 
f 1767//1968 1768//1969 1910//1908 
f 1768//1969 1769//1970 1912//1910 
f 1769//1970 1770//1971 1914//1912 
f 1770//1971 1771//1972 1916//1914 
f 1771//1972 1772//1973 1917//1915 
f 1772//1973 1773//1916 1804//1802 
f 1804//1802 1917//1915 1772//1973 
f 1917//1915 1916//1914 1771//1972 
f 1916//1914 1914//1912 1770//1971 
f 1914//1912 1912//1910 1769//1970 
f 1912//1910 1910//1908 1768//1969 
f 1910//1908 1908//1906 1767//1968 
f 1908//1906 1906//1904 1766//1967 
f 1906//1904 1904//1902 1765//1966 
f 1904//1902 1902//1900 1764//1965 
f 1902//1900 1900//1898 1763//1964 
f 1900//1898 1898//1896 1762//1963 
f 1898//1896 1896//1894 1761//1962 
f 1896//1894 1894//1892 1760//1961 
f 1894//1892 1892//1890 1759//1960 
f 1892//1890 1890//1888 1758//1959 
f 1890//1888 1888//1886 1757//1958 
f 1888//1886 1886//1884 1756//1957 
f 1886//1884 1884//1882 1755//1956 
f 1884//1882 1882//1880 1754//1955 
f 1882//1880 1880//1878 1753//1954 
f 1880//1878 1878//1876 1752//1953 
f 1878//1876 1876//1874 1751//1952 
f 1876//1874 1874//1872 1750//1951 
f 1874//1872 1872//1870 1749//1950 
f 1872//1870 1870//1868 1748//1949 
f 1870//1868 1868//1866 1747//1948 
f 1868//1866 1866//1864 1746//1947 
f 1866//1864 1864//1862 1745//1946 
f 1864//1862 1862//1860 1744//1945 
f 1862//1860 1860//1858 1801//1944 
f 1860//1858 1858//1856 1800//1943 
f 1858//1856 1856//1854 1799//1942 
f 1856//1854 1854//1852 1798//1941 
f 1854//1852 1852//1850 1797//1940 
f 1852//1850 1850//1848 1796//1939 
f 1850//1848 1848//1846 1795//1938 
f 1848//1846 1846//1844 1794//1937 
f 1846//1844 1844//1842 1793//1936 
f 1842//1840 1792//1935 1793//1936 
f 1842//1840 1840//1838 1791//1934 
f 1840//1838 1838//1836 1790//1933 
f 1838//1836 1836//1834 1789//1932 
f 1836//1834 1834//1832 1788//1931 
f 1834//1832 1832//1830 1787//1930 
f 1832//1830 1830//1828 1786//1929 
f 1830//1828 1828//1826 1785//1928 
f 1828//1826 1826//1824 1784//1927 
f 1826//1824 1824//1822 1783//1926 
f 1824//1822 1822//1820 1782//1925 
f 1822//1820 1820//1818 1781//1924 
f 1820//1818 1818//1816 1780//1923 
f 1818//1816 1816//1814 1779//1922 
f 1816//1814 1814//1812 1778//1921 
f 1814//1812 1812//1810 1777//1920 
f 1812//1810 1810//1808 1776//1919 
f 1810//1808 1808//1806 1775//1918 
f 1808//1806 1806//1804 1774//1917 
f 1806//1804 1804//1802 1773//1916 
f 1917//1915 1804//1802 1803//1801 
f 1916//1914 1917//1915 1915//1913 
f 1914//1912 1916//1914 1913//1911 
f 1912//1910 1914//1912 1911//1909 
f 1910//1908 1912//1910 1909//1907 
f 1908//1906 1910//1908 1907//1905 
f 1906//1904 1908//1906 1905//1903 
f 1904//1902 1906//1904 1903//1901 
f 1902//1900 1904//1902 1901//1899 
f 1900//1898 1902//1900 1899//1897 
f 1898//1896 1900//1898 1897//1895 
f 1896//1894 1898//1896 1895//1893 
f 1894//1892 1896//1894 1893//1891 
f 1892//1890 1894//1892 1891//1889 
f 1890//1888 1892//1890 1889//1887 
f 1888//1886 1890//1888 1887//1885 
f 1886//1884 1888//1886 1885//1883 
f 1884//1882 1886//1884 1883//1881 
f 1882//1880 1884//1882 1881//1879 
f 1880//1878 1882//1880 1879//1877 
f 1878//1876 1880//1878 1877//1875 
f 1876//1874 1878//1876 1875//1873 
f 1874//1872 1876//1874 1873//1871 
f 1872//1870 1874//1872 1871//1869 
f 1870//1868 1872//1870 1869//1867 
f 1868//1866 1870//1868 1867//1865 
f 1866//1864 1868//1866 1865//1863 
f 1864//1862 1866//1864 1863//1861 
f 1862//1860 1864//1862 1861//1859 
f 1860//1858 1862//1860 1859//1857 
f 1858//1856 1860//1858 1857//1855 
f 1856//1854 1858//1856 1855//1853 
f 1854//1852 1856//1854 1853//1851 
f 1852//1850 1854//1852 1851//1849 
f 1850//1848 1852//1850 1849//1847 
f 1848//1846 1850//1848 1847//1845 
f 1846//1844 1848//1846 1845//1843 
f 1844//1842 1846//1844 1843//1841 
f 1842//1840 1844//1842 1841//1839 
f 1840//1838 1842//1840 1839//1837 
f 1838//1836 1840//1838 1837//1835 
f 1836//1834 1838//1836 1835//1833 
f 1834//1832 1836//1834 1833//1831 
f 1832//1830 1834//1832 1831//1829 
f 1830//1828 1832//1830 1829//1827 
f 1828//1826 1830//1828 1827//1825 
f 1826//1824 1828//1826 1825//1823 
f 1824//1822 1826//1824 1823//1821 
f 1822//1820 1824//1822 1821//1819 
f 1820//1818 1822//1820 1819//1817 
f 1818//1816 1820//1818 1817//1815 
f 1816//1814 1818//1816 1815//1813 
f 1814//1812 1816//1814 1813//1811 
f 1812//1810 1814//1812 1811//1809 
f 1810//1808 1812//1810 1809//1807 
f 1808//1806 1810//1808 1807//1805 
f 1806//1804 1808//1806 1805//1803 
f 1804//1802 1806//1804 1802//1800 
f 1918//1974 1915//1913 1803//1801 
f 1918//1975 1913//1911 1915//1913 
f 1918//1976 1911//1909 1913//1911 
f 1918//1977 1909//1907 1911//1909 
f 1918//1978 1907//1905 1909//1907 
f 1918//1979 1905//1903 1907//1905 
f 1918//1980 1903//1901 1905//1903 
f 1918//1981 1901//1899 1903//1901 
f 1918//1982 1899//1897 1901//1899 
f 1918//1983 1897//1895 1899//1897 
f 1918//1984 1895//1893 1897//1895 
f 1918//1985 1893//1891 1895//1893 
f 1918//1986 1891//1889 1893//1891 
f 1918//1987 1889//1887 1891//1889 
f 1918//1988 1887//1885 1889//1887 
f 1918//1989 1885//1883 1887//1885 
f 1918//1990 1883//1881 1885//1883 
f 1918//1991 1881//1879 1883//1881 
f 1918//1992 1879//1877 1881//1879 
f 1918//1993 1877//1875 1879//1877 
f 1918//1994 1875//1873 1877//1875 
f 1918//1995 1873//1871 1875//1873 
f 1918//1996 1871//1869 1873//1871 
f 1918//1997 1869//1867 1871//1869 
f 1918//1998 1867//1865 1869//1867 
f 1918//1999 1865//1863 1867//1865 
f 1918//2000 1863//1861 1865//1863 
f 1918//2001 1861//1859 1863//1861 
f 1918//2002 1859//1857 1861//1859 
f 1918//2003 1857//1855 1859//1857 
f 1918//2004 1855//1853 1857//1855 
f 1918//2005 1853//1851 1855//1853 
f 1918//2006 1851//1849 1853//1851 
f 1918//2007 1849//1847 1851//1849 
f 1918//2008 1847//1845 1849//1847 
f 1918//2009 1845//1843 1847//1845 
f 1918//2010 1843//1841 1845//1843 
f 1918//2011 1841//1839 1843//1841 
f 1918//2012 1839//1837 1841//1839 
f 1918//2013 1837//1835 1839//1837 
f 1918//2014 1835//1833 1837//1835 
f 1918//2015 1833//1831 1835//1833 
f 1918//2016 1831//1829 1833//1831 
f 1918//2017 1829//1827 1831//1829 
f 1918//2018 1827//1825 1829//1827 
f 1918//2019 1825//1823 1827//1825 
f 1918//2020 1823//1821 1825//1823 
f 1918//2021 1821//1819 1823//1821 
f 1918//2022 1819//1817 1821//1819 
f 1918//2023 1817//1815 1819//1817 
f 1918//2024 1815//1813 1817//1815 
f 1918//2025 1813//1811 1815//1813 
f 1918//2026 1811//1809 1813//1811 
f 1918//2027 1809//1807 1811//1809 
f 1918//2028 1807//1805 1809//1807 
f 1918//2029 1805//1803 1807//1805 
f 1918//2030 1802//1800 1805//1803 
f 1918//2031 1803//1801 1802//1800 
